[{"model": "sessions.session", "pk": "2kusgl4fxskc4um6fy23kjdakzr2bp3t", "fields": {"session_data": ".eJxVjEEOwiAQRe_C2hCgwFCX7j0Dmc4MtmpKUtqV8e7apAvd_vfef6mM2zrmrcmSJ1ZnFdTpdxuQHjLvgO8436qmOq_LNOhd0Qdt-lpZnpfD_TsYsY3f2rtQLFgSHwGMxUSC0gcgQAIGLsxdcmBRXPEp-djTkGIQ00EnLhj1_gDnfTe6:1wA0mr:O0ge6thp_FToIVhaDjMw7YojUtQnMjrsaaYi9FNEHN4", "expire_date": "2026-04-21T07:23:49.667Z"}}, {"model": "sessions.session", "pk": "32uyl6yuatwyfybb91jta2c5233hzbdz", "fields": {"session_data": ".eJxVjDsOwjAQBe_iGln-rH-U9JzBWnsdHEC2FCcV4u4QKQW0b2bei0Xc1hq3UZY4EzszYKffLWF-lLYDumO7dZ57W5c58V3hBx382qk8L4f7d1Bx1G8tJYYJgCgReJiKNpay8DoLJcg7i8FYJ1GooDLpZCRI4ZxVXloKlDJ7fwDYtzc-:1w9cEI:HWM_2yLw_zX-VOklMkvsck-FkQ8OOJNBnGBippUHmvg", "expire_date": "2026-04-20T05:10:30.614Z"}}, {"model": "sessions.session", "pk": "3h7sj9bunl8duao9pjfwotixqifx263c", "fields": {"session_data": ".eJxVjDsOwjAQBe_iGln-rH-U9JzBWnsdHEC2FCcV4u4QKQW0b2bei0Xc1hq3UZY4EzszYKffLWF-lLYDumO7dZ57W5c58V3hBx382qk8L4f7d1Bx1G8tJYYJgCgReJiKNpay8DoLJcg7i8FYJ1GooDLpZCRI4ZxVXloKlDJ7fwDYtzc-:1wAjDy:0kpqbZsYaph4vhxpdXQOMGB9p_cP4FAGWvRS6Togycg", "expire_date": "2026-04-23T06:50:46.351Z"}}, {"model": "sessions.session", "pk": "3muty1k68snns7d9ibiaq69w5hdh0ll8", "fields": {"session_data": ".eJxVjDsOwjAQBe_iGln-rH-U9JzBWnsdHEC2FCcV4u4QKQW0b2bei0Xc1hq3UZY4EzszYKffLWF-lLYDumO7dZ57W5c58V3hBx382qk8L4f7d1Bx1G8tJYYJgCgReJiKNpay8DoLJcg7i8FYJ1GooDLpZCRI4ZxVXloKlDJ7fwDYtzc-:1w9cEI:HWM_2yLw_zX-VOklMkvsck-FkQ8OOJNBnGBippUHmvg", "expire_date": "2026-04-20T05:10:30.572Z"}}, {"model": "sessions.session", "pk": "72f0etbvg0f4uli85hh5dfgcegk29lpr", "fields": {"session_data": ".eJxVjDsOwjAQBe_iGln-rH-U9JzBWnsdHEC2FCcV4u4QKQW0b2bei0Xc1hq3UZY4EzszYKffLWF-lLYDumO7dZ57W5c58V3hBx382qk8L4f7d1Bx1G8tJYYJgCgReJiKNpay8DoLJcg7i8FYJ1GooDLpZCRI4ZxVXloKlDJ7fwDYtzc-:1w9cEI:HWM_2yLw_zX-VOklMkvsck-FkQ8OOJNBnGBippUHmvg", "expire_date": "2026-04-20T05:10:30.096Z"}}, {"model": "sessions.session", "pk": "7mn8jfzdgjf5mtp939gbxsxzzuokt450", "fields": {"session_data": ".eJxVjEEOwiAQRe_C2hCgwFCX7j0Dmc4MtmpKUtqV8e7apAvd_vfef6mM2zrmrcmSJ1ZnFdTpdxuQHjLvgO8436qmOq_LNOhd0Qdt-lpZnpfD_TsYsY3f2rtQLFgSHwGMxUSC0gcgQAIGLsxdcmBRXPEp-djTkGIQ00EnLhj1_gDnfTe6:1w9GsC:e7C7b_vBA65wo8AyYh9eDBV4ohgfpAnBHmG6cdrZgVQ", "expire_date": "2026-04-19T06:22:16.832Z"}}, {"model": "sessions.session", "pk": "7oyo6uqslr2ndro4p2xvbj3fxrr27kjo", "fields": {"session_data": ".eJxVjDsOwjAQBe_iGln-rH-U9JzBWnsdHEC2FCcV4u4QKQW0b2bei0Xc1hq3UZY4EzszYKffLWF-lLYDumO7dZ57W5c58V3hBx382qk8L4f7d1Bx1G8tJYYJgCgReJiKNpay8DoLJcg7i8FYJ1GooDLpZCRI4ZxVXloKlDJ7fwDYtzc-:1w9cEI:HWM_2yLw_zX-VOklMkvsck-FkQ8OOJNBnGBippUHmvg", "expire_date": "2026-04-20T05:10:30.646Z"}}, {"model": "sessions.session", "pk": "9fec3i5n49dqbifdv4erjd01jmowcbi6", "fields": {"session_data": ".eJxVjEEOwiAQRe_C2hCgwFCX7j0Dmc4MtmpKUtqV8e7apAvd_vfef6mM2zrmrcmSJ1ZnFdTpdxuQHjLvgO8436qmOq_LNOhd0Qdt-lpZnpfD_TsYsY3f2rtQLFgSHwGMxUSC0gcgQAIGLsxdcmBRXPEp-djTkGIQ00EnLhj1_gDnfTe6:1w9GsD:TCn8aEqPsIuap-V-eF_OpTuBkeefSLfmi1UrT20w7Ao", "expire_date": "2026-04-19T06:22:17.924Z"}}, {"model": "sessions.session", "pk": "bxvgshrnm6ectxhd3grudy8wiwvu6wbv", "fields": {"session_data": ".eJxVjDsOwjAQBe_iGln-rH-U9JzBWnsdHEC2FCcV4u4QKQW0b2bei0Xc1hq3UZY4EzszYKffLWF-lLYDumO7dZ57W5c58V3hBx382qk8L4f7d1Bx1G8tJYYJgCgReJiKNpay8DoLJcg7i8FYJ1GooDLpZCRI4ZxVXloKlDJ7fwDYtzc-:1w9cEI:HWM_2yLw_zX-VOklMkvsck-FkQ8OOJNBnGBippUHmvg", "expire_date": "2026-04-20T05:10:30.286Z"}}, {"model": "sessions.session", "pk": "ddw1qyiyj4qsch9o0moua9vu1pmhal4g", "fields": {"session_data": ".eJxVjDsOwjAQBe_iGln-rH-U9JzBWnsdHEC2FCcV4u4QKQW0b2bei0Xc1hq3UZY4EzszYKffLWF-lLYDumO7dZ57W5c58V3hBx382qk8L4f7d1Bx1G8tJYYJgCgReJiKNpay8DoLJcg7i8FYJ1GooDLpZCRI4ZxVXloKlDJ7fwDYtzc-:1w9cEI:HWM_2yLw_zX-VOklMkvsck-FkQ8OOJNBnGBippUHmvg", "expire_date": "2026-04-20T05:10:30.259Z"}}, {"model": "sessions.session", "pk": "dhyk81rcz0z3ju3cs2kabcby0lil8rvw", "fields": {"session_data": ".eJxVjEEOwiAQRe_C2hCgwFCX7j0Dmc4MtmpKUtqV8e7apAvd_vfef6mM2zrmrcmSJ1ZnFdTpdxuQHjLvgO8436qmOq_LNOhd0Qdt-lpZnpfD_TsYsY3f2rtQLFgSHwGMxUSC0gcgQAIGLsxdcmBRXPEp-djTkGIQ00EnLhj1_gDnfTe6:1w9GsD:TCn8aEqPsIuap-V-eF_OpTuBkeefSLfmi1UrT20w7Ao", "expire_date": "2026-04-19T06:22:17.717Z"}}, {"model": "sessions.session", "pk": "fe7lbthbo153lusailmtxnkwxjik8eeh", "fields": {"session_data": ".eJxVjEEOwiAQRe_C2hCgwFCX7j0Dmc4MtmpKUtqV8e7apAvd_vfef6mM2zrmrcmSJ1ZnFdTpdxuQHjLvgO8436qmOq_LNOhd0Qdt-lpZnpfD_TsYsY3f2rtQLFgSHwGMxUSC0gcgQAIGLsxdcmBRXPEp-djTkGIQ00EnLhj1_gDnfTe6:1w9GsD:TCn8aEqPsIuap-V-eF_OpTuBkeefSLfmi1UrT20w7Ao", "expire_date": "2026-04-19T06:22:17.544Z"}}, {"model": "sessions.session", "pk": "hs9f2yk8de93j6udm29pe8d8y4lh4yqd", "fields": {"session_data": ".eJxVjDsOwjAQBe_iGln-rH-U9JzBWnsdHEC2FCcV4u4QKQW0b2bei0Xc1hq3UZY4EzszYKffLWF-lLYDumO7dZ57W5c58V3hBx382qk8L4f7d1Bx1G8tJYYJgCgReJiKNpay8DoLJcg7i8FYJ1GooDLpZCRI4ZxVXloKlDJ7fwDYtzc-:1w9cEI:HWM_2yLw_zX-VOklMkvsck-FkQ8OOJNBnGBippUHmvg", "expire_date": "2026-04-20T05:10:30.539Z"}}, {"model": "sessions.session", "pk": "j34rino1f8atah2cr20zc47kl1j8vh7a", "fields": {"session_data": ".eJxVjDsOwjAQBe_iGln-rH-U9JzBWnsdHEC2FCcV4u4QKQW0b2bei0Xc1hq3UZY4EzszYKffLWF-lLYDumO7dZ57W5c58V3hBx382qk8L4f7d1Bx1G8tJYYJgCgReJiKNpay8DoLJcg7i8FYJ1GooDLpZCRI4ZxVXloKlDJ7fwDYtzc-:1w9cEI:HWM_2yLw_zX-VOklMkvsck-FkQ8OOJNBnGBippUHmvg", "expire_date": "2026-04-20T05:10:30.184Z"}}, {"model": "sessions.session", "pk": "oc5phbkh175ktuwuop8s0ltdfvtxv933", "fields": {"session_data": ".eJxVjDsOwjAQBe_iGln-rH-U9JzBWnsdHEC2FCcV4u4QKQW0b2bei0Xc1hq3UZY4EzszYKffLWF-lLYDumO7dZ57W5c58V3hBx382qk8L4f7d1Bx1G8tJYYJgCgReJiKNpay8DoLJcg7i8FYJ1GooDLpZCRI4ZxVXloKlDJ7fwDYtzc-:1wAi4Z:yMW6ivVGLUI9jfoSwyh4jR9Fe5GLEsW-dCc_RTO_068", "expire_date": "2026-04-23T05:36:59.009Z"}}, {"model": "sessions.session", "pk": "ppzn6axl7clsevimosnufh95n0ogl7pr", "fields": {"session_data": ".eJxVjDsOwjAQBe_iGln-rH-U9JzBWnsdHEC2FCcV4u4QKQW0b2bei0Xc1hq3UZY4EzszYKffLWF-lLYDumO7dZ57W5c58V3hBx382qk8L4f7d1Bx1G8tJYYJgCgReJiKNpay8DoLJcg7i8FYJ1GooDLpZCRI4ZxVXloKlDJ7fwDYtzc-:1w9cEI:HWM_2yLw_zX-VOklMkvsck-FkQ8OOJNBnGBippUHmvg", "expire_date": "2026-04-20T05:10:30.217Z"}}, {"model": "sessions.session", "pk": "q1dp330gajzbdhhwdz2znj62ztw6fv2i", "fields": {"session_data": ".eJxVjDsOwjAQBe_iGln-rH-U9JzBWnsdHEC2FCcV4u4QKQW0b2bei0Xc1hq3UZY4EzszYKffLWF-lLYDumO7dZ57W5c58V3hBx382qk8L4f7d1Bx1G8tJYYJgCgReJiKNpay8DoLJcg7i8FYJ1GooDLpZCRI4ZxVXloKlDJ7fwDYtzc-:1w9cEI:HWM_2yLw_zX-VOklMkvsck-FkQ8OOJNBnGBippUHmvg", "expire_date": "2026-04-20T05:10:30.346Z"}}, {"model": "sessions.session", "pk": "ry9i8e0o2ksd4pwvby15glilp0vmkk80", "fields": {"session_data": ".eJxVjEEOwiAQRe_C2hCgwFCX7j0Dmc4MtmpKUtqV8e7apAvd_vfef6mM2zrmrcmSJ1ZnFdTpdxuQHjLvgO8436qmOq_LNOhd0Qdt-lpZnpfD_TsYsY3f2rtQLFgSHwGMxUSC0gcgQAIGLsxdcmBRXPEp-djTkGIQ00EnLhj1_gDnfTe6:1w9GsD:TCn8aEqPsIuap-V-eF_OpTuBkeefSLfmi1UrT20w7Ao", "expire_date": "2026-04-19T06:22:17.587Z"}}, {"model": "sessions.session", "pk": "shkdgu4gezpsqc342m574gco662wozf1", "fields": {"session_data": ".eJxVjDsOwjAQBe_iGln-rH-U9JzBWnsdHEC2FCcV4u4QKQW0b2bei0Xc1hq3UZY4EzszYKffLWF-lLYDumO7dZ57W5c58V3hBx382qk8L4f7d1Bx1G8tJYYJgCgReJiKNpay8DoLJcg7i8FYJ1GooDLpZCRI4ZxVXloKlDJ7fwDYtzc-:1w9cEI:HWM_2yLw_zX-VOklMkvsck-FkQ8OOJNBnGBippUHmvg", "expire_date": "2026-04-20T05:10:30.130Z"}}, {"model": "sessions.session", "pk": "uzg46qlo0h3vqitwqwlnkq1828d9gzsr", "fields": {"session_data": ".eJxVjEEOwiAQRe_C2hCgwFCX7j0Dmc4MtmpKUtqV8e7apAvd_vfef6mM2zrmrcmSJ1ZnFdTpdxuQHjLvgO8436qmOq_LNOhd0Qdt-lpZnpfD_TsYsY3f2rtQLFgSHwGMxUSC0gcgQAIGLsxdcmBRXPEp-djTkGIQ00EnLhj1_gDnfTe6:1w9GsD:TCn8aEqPsIuap-V-eF_OpTuBkeefSLfmi1UrT20w7Ao", "expire_date": "2026-04-19T06:22:17.816Z"}}, {"model": "sessions.session", "pk": "w697f8oh6t6tmkajqcj4rd30kb0wqij9", "fields": {"session_data": ".eJxVjDsOwjAQBe_iGln-rH-U9JzBWnsdHEC2FCcV4u4QKQW0b2bei0Xc1hq3UZY4EzszYKffLWF-lLYDumO7dZ57W5c58V3hBx382qk8L4f7d1Bx1G8tJYYJgCgReJiKNpay8DoLJcg7i8FYJ1GooDLpZCRI4ZxVXloKlDJ7fwDYtzc-:1w9cEG:NtPN2v5o_HXuifjdOtN5mj-Zp1f13h9VfcNLPbg2gDg", "expire_date": "2026-04-20T05:10:28.567Z"}}, {"model": "sessions.session", "pk": "zrrzevtivfuyvqga3r9ut89romm8r341", "fields": {"session_data": ".eJxVjEEOwiAQRe_C2hCgwFCX7j0Dmc4MtmpKUtqV8e7apAvd_vfef6mM2zrmrcmSJ1ZnFdTpdxuQHjLvgO8436qmOq_LNOhd0Qdt-lpZnpfD_TsYsY3f2rtQLFgSHwGMxUSC0gcgQAIGLsxdcmBRXPEp-djTkGIQ00EnLhj1_gDnfTe6:1w9GsD:TCn8aEqPsIuap-V-eF_OpTuBkeefSLfmi1UrT20w7Ao", "expire_date": "2026-04-19T06:22:17.953Z"}}, {"model": "sessions.session", "pk": "zstknibzai0cky8rnlvvtk1yx2lmx62f", "fields": {"session_data": ".eJxVjEEOwiAQRe_C2hCgwFCX7j0Dmc4MtmpKUtqV8e7apAvd_vfef6mM2zrmrcmSJ1ZnFdTpdxuQHjLvgO8436qmOq_LNOhd0Qdt-lpZnpfD_TsYsY3f2rtQLFgSHwGMxUSC0gcgQAIGLsxdcmBRXPEp-djTkGIQ00EnLhj1_gDnfTe6:1w9y2S:4pU_ibOBooEw4R1cafRhaqa2be12kDQQdGiNreko5ak", "expire_date": "2026-04-21T04:27:44.873Z"}}, {"model": "nea_loss.province", "pk": 1, "fields": {"name": "Koshi Province", "code": "P1", "created_at": "2026-04-02T07:26:25.291Z"}}, {"model": "nea_loss.province", "pk": 2, "fields": {"name": "Madhesh Province", "code": "P2", "created_at": "2026-04-02T07:26:25.299Z"}}, {"model": "nea_loss.province", "pk": 3, "fields": {"name": "Bagmati Province", "code": "P3", "created_at": "2026-04-02T07:26:25.305Z"}}, {"model": "nea_loss.province", "pk": 4, "fields": {"name": "Gandaki Province", "code": "P4", "created_at": "2026-04-02T07:26:25.314Z"}}, {"model": "nea_loss.province", "pk": 5, "fields": {"name": "Lumbini Province", "code": "P5", "created_at": "2026-04-02T07:26:25.321Z"}}, {"model": "nea_loss.province", "pk": 6, "fields": {"name": "Karnali Province", "code": "P6", "created_at": "2026-04-02T07:26:25.330Z"}}, {"model": "nea_loss.province", "pk": 7, "fields": {"name": "Sudurpashchim Province", "code": "P7", "created_at": "2026-04-02T07:26:25.336Z"}}, {"model": "nea_loss.provincialoffice", "pk": 1, "fields": {"province": 3, "name": "Kathmandu Valley Distribution Division (KVDD)", "code": "KVDD", "address": "", "contact": "", "created_at": "2026-04-02T07:26:25.345Z"}}, {"model": "nea_loss.provincialoffice", "pk": 2, "fields": {"province": 3, "name": "Bagmati Distribution Division", "code": "BDD", "address": "", "contact": "", "created_at": "2026-04-02T07:26:25.352Z"}}, {"model": "nea_loss.provincialoffice", "pk": 3, "fields": {"province": 1, "name": "Koshi Distribution Division", "code": "KDD", "address": "", "contact": "", "created_at": "2026-04-02T07:26:25.360Z"}}, {"model": "nea_loss.provincialoffice", "pk": 4, "fields": {"province": 4, "name": "Gandaki Distribution Division", "code": "GDD", "address": "", "contact": "", "created_at": "2026-04-02T07:26:25.367Z"}}, {"model": "nea_loss.provincialoffice", "pk": 5, "fields": {"province": 5, "name": "Lumbini Distribution Division", "code": "LDD", "address": "", "contact": "", "created_at": "2026-04-02T07:26:25.375Z"}}, {"model": "nea_loss.distributioncenter", "pk": 1, "fields": {"provincial_office": 1, "name": "Kathmandu Distribution Center", "code": "KTM-DC", "address": "", "contact": "", "report_start_month": 1, "is_active": true, "created_at": "2026-04-02T07:26:25.383Z"}}, {"model": "nea_loss.distributioncenter", "pk": 2, "fields": {"provincial_office": 1, "name": "Lalitpur Distribution Center", "code": "LPR-DC", "address": "", "contact": "", "report_start_month": 1, "is_active": true, "created_at": "2026-04-02T07:26:25.392Z"}}, {"model": "nea_loss.distributioncenter", "pk": 3, "fields": {"provincial_office": 1, "name": "Bhaktapur Distribution Center", "code": "BKT-DC", "address": "", "contact": "", "report_start_month": 1, "is_active": true, "created_at": "2026-04-02T07:26:25.401Z"}}, {"model": "nea_loss.distributioncenter", "pk": 4, "fields": {"provincial_office": 1, "name": "Nuwakot Distribution Center", "code": "NUW-DC", "address": "", "contact": "", "report_start_month": 1, "is_active": true, "created_at": "2026-04-02T07:26:25.411Z"}}, {"model": "nea_loss.distributioncenter", "pk": 5, "fields": {"provincial_office": 2, "name": "Hetauda Distribution Center", "code": "HTD-DC", "address": "", "contact": "", "report_start_month": 1, "is_active": true, "created_at": "2026-04-02T07:26:25.418Z"}}, {"model": "nea_loss.distributioncenter", "pk": 6, "fields": {"provincial_office": 3, "name": "Biratnagar Distribution Center", "code": "BRT-DC", "address": "", "contact": "", "report_start_month": 1, "is_active": true, "created_at": "2026-04-02T07:26:25.426Z"}}, {"model": "nea_loss.distributioncenter", "pk": 7, "fields": {"provincial_office": 4, "name": "Pokhara Distribution Center", "code": "PKR-DC", "address": "", "contact": "", "report_start_month": 1, "is_active": true, "created_at": "2026-04-02T07:26:25.433Z"}}, {"model": "nea_loss.distributioncenter", "pk": 8, "fields": {"provincial_office": 5, "name": "Butwal Distribution Center", "code": "BTW-DC", "address": "", "contact": "", "report_start_month": 1, "is_active": true, "created_at": "2026-04-02T07:26:25.442Z"}}, {"model": "nea_loss.neauser", "fields": {"password": "pbkdf2_sha256$600000$tTbhktzQftNOvmPxEQfiBZ$gixMRJrV1D9Y2cDRNbMRjM1zxNbo+tacMEwJcEzyJdo=", "last_login": "2026-04-07T11:06:38.445Z", "is_superuser": true, "username": "sysadmin", "email": "sysadmin@nea.org.np", "full_name": "System Administrator", "role": "SYS_ADMIN", "employee_id": "NEA-SYS-001", "phone": "", "designation": "System Engineer", "provincial_office": null, "distribution_center": null, "is_active": true, "is_staff": true, "date_joined": "2026-04-02T07:26:25.713Z", "last_login_ip": "127.0.0.1", "groups": [], "user_permissions": []}}, {"model": "nea_loss.neauser", "fields": {"password": "pbkdf2_sha256$600000$G8UqFzYpoaO6QGOr8Xc4YA$oQuMcZuNP0ps9sq9s3/dnRCDuzDWswKMD6thhZ2/rTc=", "last_login": "2026-04-07T03:25:30.111Z", "is_superuser": false, "username": "md_user", "email": "md@nea.org.np", "full_name": "Ram Prasad Sharma", "role": "MD", "employee_id": "NEA-MD-001", "phone": "", "designation": "Managing Director", "provincial_office": null, "distribution_center": null, "is_active": true, "is_staff": false, "date_joined": "2026-04-02T07:26:26.136Z", "last_login_ip": "127.0.0.1", "groups": [], "user_permissions": []}}, {"model": "nea_loss.neauser", "fields": {"password": "pbkdf2_sha256$600000$2PstvZB4HUcBzmXszIWjeA$ucjNQjMhU+NZ6PCQAJy7kxOA5vFPFMn2SyhHeYvbzUk=", "last_login": "2026-04-07T11:01:38.047Z", "is_superuser": false, "username": "dmd_user", "email": "dmd@nea.org.np", "full_name": "Sunita Rajbhandari", "role": "DMD", "employee_id": "NEA-DMD-001", "phone": "", "designation": "Deputy Managing Director", "provincial_office": null, "distribution_center": null, "is_active": true, "is_staff": false, "date_joined": "2026-04-02T07:26:26.549Z", "last_login_ip": "127.0.0.1", "groups": [], "user_permissions": []}}, {"model": "nea_loss.neauser", "fields": {"password": "pbkdf2_sha256$600000$p9GOQd6IBhPK8cCEZhTWxG$ghJspFEajxNLUzVDScWrEHviM3K4Zq2yVt/qZfzjgz0=", "last_login": "2026-04-09T06:50:46.340Z", "is_superuser": false, "username": "prov_kvdd", "email": "prov.kvdd@nea.org.np", "full_name": "Gopal Thapa", "role": "PROVINCIAL_MANAGER", "employee_id": "NEA-PM-001", "phone": "", "designation": "Provincial Manager", "provincial_office": 1, "distribution_center": null, "is_active": true, "is_staff": false, "date_joined": "2026-04-02T07:26:26.977Z", "last_login_ip": "127.0.0.1", "groups": [], "user_permissions": []}}, {"model": "nea_loss.neauser", "fields": {"password": "pbkdf2_sha256$600000$M7P90u8UMV1GvYFg784WgM$R4k81o9X+x2tk5Ff1Brjyf7qkCrlcoRTZrjMY4LTx3Q=", "last_login": "2026-04-08T05:12:27.182Z", "is_superuser": false, "username": "dc_ktm", "email": "dc.ktm@nea.org.np", "full_name": "Sita Sharma", "role": "DC_STAFF", "employee_id": "NEA-DC-001", "phone": "", "designation": "DC Staff Officer", "provincial_office": 1, "distribution_center": 1, "is_active": true, "is_staff": false, "date_joined": "2026-04-02T07:26:27.399Z", "last_login_ip": "127.0.0.1", "groups": [], "user_permissions": []}}, {"model": "nea_loss.neauser", "fields": {"password": "pbkdf2_sha256$600000$HM2IR4W33NezCNAbyyujAB$AJDczgntPzY1oJwhOQ7LZZhmbd/mtYh5XacBQudOoyc=", "last_login": "2026-04-02T09:11:34.839Z", "is_superuser": false, "username": "dc_nuw", "email": "dc.nuw@nea.org.np", "full_name": "Hari Bahadur KC", "role": "DC_STAFF", "employee_id": "NEA-DC-002", "phone": "", "designation": "DC Staff Officer", "provincial_office": 1, "distribution_center": 4, "is_active": true, "is_staff": false, "date_joined": "2026-04-02T07:26:27.828Z", "last_login_ip": "127.0.0.1", "groups": [], "user_permissions": []}}, {"model": "nea_loss.neauser", "fields": {"password": "pbkdf2_sha256$600000$k6Tt68fqR763KpGqqgjku5$tegGj35TnlQ9R7mqhNdJ0AIeysODFy4HXt+jJyqVB/E=", "last_login": "2026-04-07T11:01:27.994Z", "is_superuser": false, "username": "dc_lpr", "email": "dc.lpr@nea.org.np", "full_name": "Prakash Karki", "role": "DC_STAFF", "employee_id": "NEA-DC-003", "phone": "", "designation": "DC Staff Officer", "provincial_office": 1, "distribution_center": 2, "is_active": true, "is_staff": false, "date_joined": "2026-04-02T07:26:28.245Z", "last_login_ip": "127.0.0.1", "groups": [], "user_permissions": []}}, {"model": "nea_loss.neauser", "fields": {"password": "pbkdf2_sha256$600000$7NmajBHsUk6tsKcIEuGOGD$N+K9dJZOrQE0YmESRjNPMLLWJ5XFMcgzqTkHEQRoF3s=", "last_login": "2026-04-02T09:10:11.643Z", "is_superuser": false, "username": "dc_pkr", "email": "dc.pkr@nea.org.np", "full_name": "Mina Gurung", "role": "DC_STAFF", "employee_id": "NEA-DC-004", "phone": "", "designation": "DC Staff Officer", "provincial_office": 4, "distribution_center": 7, "is_active": true, "is_staff": false, "date_joined": "2026-04-02T07:26:28.664Z", "last_login_ip": "127.0.0.1", "groups": [], "user_permissions": []}}, {"model": "nea_loss.fiscalyear", "pk": 1, "fields": {"year_bs": "2080/081", "year_ad_start": 2023, "year_ad_end": 2024, "loss_target_percent": "3.50", "is_active": false, "created_at": "2026-04-02T07:26:25.270Z"}}, {"model": "nea_loss.fiscalyear", "pk": 2, "fields": {"year_bs": "2081/082", "year_ad_start": 2024, "year_ad_end": 2025, "loss_target_percent": "3.40", "is_active": false, "created_at": "2026-04-02T07:26:25.277Z"}}, {"model": "nea_loss.fiscalyear", "pk": 3, "fields": {"year_bs": "2082/083", "year_ad_start": 2025, "year_ad_end": 2026, "loss_target_percent": "3.35", "is_active": true, "created_at": "2026-04-02T07:26:25.284Z"}}, {"model": "nea_loss.lossreport", "pk": 1, "fields": {"distribution_center": 1, "fiscal_year": 3, "month": 1, "status": "APPROVED", "total_received_kwh": "10962242.90", "total_utilised_kwh": "10100333.35", "total_loss_kwh": "861909.55", "cumulative_loss_percent": "0.0786", "created_by": ["dc_ktm"], "submitted_by": ["dc_ktm"], "reviewed_by": null, "approved_by": ["prov_kvdd"], "submission_date": "2026-04-02T08:57:04.872Z", "review_date": null, "approval_date": "2026-04-02T08:58:36.406Z", "remarks": "Okay", "created_at": "2026-04-02T08:50:54.866Z", "updated_at": "2026-04-07T07:08:40.217Z"}}, {"model": "nea_loss.lossreport", "pk": 2, "fields": {"distribution_center": 2, "fiscal_year": 3, "month": 1, "status": "APPROVED", "total_received_kwh": "26369805.20", "total_utilised_kwh": "24243969.00", "total_loss_kwh": "2125836.20", "cumulative_loss_percent": "0.0806", "created_by": ["dc_lpr"], "submitted_by": ["dc_lpr"], "reviewed_by": null, "approved_by": ["prov_kvdd"], "submission_date": "2026-04-02T09:09:00.961Z", "review_date": null, "approval_date": "2026-04-02T09:09:27.626Z", "remarks": "jdjdkdjk", "created_at": "2026-04-02T09:00:00.190Z", "updated_at": "2026-04-02T09:09:27.627Z"}}, {"model": "nea_loss.lossreport", "pk": 3, "fields": {"distribution_center": 4, "fiscal_year": 3, "month": 1, "status": "APPROVED", "total_received_kwh": "2043655.97", "total_utilised_kwh": "1962445.34", "total_loss_kwh": "81210.63", "cumulative_loss_percent": "0.0397", "created_by": ["dc_nuw"], "submitted_by": ["dc_nuw"], "reviewed_by": null, "approved_by": ["prov_kvdd"], "submission_date": "2026-04-02T09:28:34.330Z", "review_date": null, "approval_date": "2026-04-02T09:29:25.618Z", "remarks": "okay", "created_at": "2026-04-02T09:11:42.554Z", "updated_at": "2026-04-02T09:29:25.618Z"}}, {"model": "nea_loss.lossreport", "pk": 4, "fields": {"distribution_center": 1, "fiscal_year": 3, "month": 2, "status": "APPROVED", "total_received_kwh": "10658549.00", "total_utilised_kwh": "9933340.46", "total_loss_kwh": "725208.54", "cumulative_loss_percent": "0.0680", "created_by": ["dc_ktm"], "submitted_by": ["dc_ktm"], "reviewed_by": null, "approved_by": ["prov_kvdd"], "submission_date": "2026-04-02T09:37:23.954Z", "review_date": null, "approval_date": "2026-04-02T09:37:47.361Z", "remarks": "Oaky", "created_at": "2026-04-02T09:32:55.800Z", "updated_at": "2026-04-02T09:37:47.361Z"}}, {"model": "nea_loss.lossreport", "pk": 6, "fields": {"distribution_center": 1, "fiscal_year": 3, "month": 3, "status": "DRAFT", "total_received_kwh": "0.00", "total_utilised_kwh": "0.00", "total_loss_kwh": "0.00", "cumulative_loss_percent": "0.0000", "created_by": ["dc_ktm"], "submitted_by": null, "reviewed_by": null, "approved_by": null, "submission_date": null, "review_date": null, "approval_date": null, "remarks": "", "created_at": "2026-04-08T05:12:39.595Z", "updated_at": "2026-04-08T05:13:32.956Z"}}, {"model": "nea_loss.monthlylossdata", "pk": 1, "fields": {"report": 1, "month": 1, "month_name": "Shrawan", "total_energy_import": "10981187.00", "total_energy_export": "18944.10", "net_energy_received": "10962242.90", "total_energy_utilised": "10100333.35", "loss_unit": "861909.55", "monthly_loss_percent": "0.0786", "cumulative_loss_percent": "0.0786", "created_at": "2026-04-02T08:50:54.920Z", "updated_at": "2026-04-07T07:08:40.208Z"}}, {"model": "nea_loss.monthlylossdata", "pk": 2, "fields": {"report": 2, "month": 1, "month_name": "Shrawan", "total_energy_import": "26369805.20", "total_energy_export": "0.00", "net_energy_received": "26369805.20", "total_energy_utilised": "24243969.00", "loss_unit": "2125836.20", "monthly_loss_percent": "0.0806", "cumulative_loss_percent": "0.0806", "created_at": "2026-04-02T09:00:00.228Z", "updated_at": "2026-04-02T09:08:58.983Z"}}, {"model": "nea_loss.monthlylossdata", "pk": 3, "fields": {"report": 3, "month": 1, "month_name": "Shrawan", "total_energy_import": "5855036.20", "total_energy_export": "3811380.23", "net_energy_received": "2043655.97", "total_energy_utilised": "1962445.34", "loss_unit": "81210.63", "monthly_loss_percent": "0.0397", "cumulative_loss_percent": "0.0397", "created_at": "2026-04-02T09:11:42.623Z", "updated_at": "2026-04-02T09:28:31.917Z"}}, {"model": "nea_loss.monthlylossdata", "pk": 4, "fields": {"report": 4, "month": 2, "month_name": "Bhadra", "total_energy_import": "10679061.00", "total_energy_export": "20512.00", "net_energy_received": "10658549.00", "total_energy_utilised": "9933340.46", "loss_unit": "725208.54", "monthly_loss_percent": "0.0680", "cumulative_loss_percent": "0.0680", "created_at": "2026-04-02T09:32:55.863Z", "updated_at": "2026-04-02T09:37:21.926Z"}}, {"model": "nea_loss.monthlylossdata", "pk": 6, "fields": {"report": 6, "month": 3, "month_name": "Ashwin", "total_energy_import": "0.00", "total_energy_export": "0.00", "net_energy_received": "0.00", "total_energy_utilised": "0.00", "loss_unit": "0.00", "monthly_loss_percent": "0.0000", "cumulative_loss_percent": "0.0000", "created_at": "2026-04-08T05:12:39.620Z", "updated_at": "2026-04-08T05:13:32.945Z"}}, {"model": "nea_loss.meterpoint", "pk": 1, "fields": {"distribution_center": 1, "name": "S/S Feeder (11kV)", "code": "KTM-MP-01", "source_type": "FEEDER_11KV", "voltage_level": "11 kV", "multiplying_factor": "100.000", "is_active": true, "created_at": "2026-04-02T07:26:25.450Z"}}, {"model": "nea_loss.meterpoint", "pk": 2, "fields": {"distribution_center": 1, "name": "Bazaar Feeder (11kV)", "code": "KTM-MP-02", "source_type": "FEEDER_11KV", "voltage_level": "11 kV", "multiplying_factor": "100.000", "is_active": true, "created_at": "2026-04-02T07:26:25.457Z"}}, {"model": "nea_loss.meterpoint", "pk": 3, "fields": {"distribution_center": 1, "name": "Industrial Feeder (33kV)", "code": "KTM-MP-03", "source_type": "FEEDER_33KV", "voltage_level": "33 kV", "multiplying_factor": "200.000", "is_active": true, "created_at": "2026-04-02T07:26:25.464Z"}}, {"model": "nea_loss.meterpoint", "pk": 4, "fields": {"distribution_center": 1, "name": "IPP - Solar Plant", "code": "KTM-MP-04", "source_type": "IPP", "voltage_level": "11 kV", "multiplying_factor": "50.000", "is_active": true, "created_at": "2026-04-02T07:26:25.474Z"}}, {"model": "nea_loss.meterpoint", "pk": 5, "fields": {"distribution_center": 1, "name": "Export to Lalitpur DC", "code": "KTM-MP-05", "source_type": "EXPORT_DC", "voltage_level": "11 kV", "multiplying_factor": "100.000", "is_active": true, "created_at": "2026-04-02T07:26:25.483Z"}}, {"model": "nea_loss.meterpoint", "pk": 6, "fields": {"distribution_center": 4, "name": "S/S Feeder (11kV)", "code": "NUW-MP-01", "source_type": "FEEDER_11KV", "voltage_level": "11 kV", "multiplying_factor": "100.000", "is_active": true, "created_at": "2026-04-02T07:26:25.491Z"}}, {"model": "nea_loss.meterpoint", "pk": 7, "fields": {"distribution_center": 4, "name": "Bazaar Feeder (11kV)", "code": "NUW-MP-02", "source_type": "FEEDER_11KV", "voltage_level": "11 kV", "multiplying_factor": "100.000", "is_active": true, "created_at": "2026-04-02T07:26:25.499Z"}}, {"model": "nea_loss.meterpoint", "pk": 8, "fields": {"distribution_center": 4, "name": "Bidur Feeder (11kV)", "code": "NUW-MP-03", "source_type": "FEEDER_11KV", "voltage_level": "11 kV", "multiplying_factor": "100.000", "is_active": true, "created_at": "2026-04-02T07:26:25.507Z"}}, {"model": "nea_loss.meterpoint", "pk": 9, "fields": {"distribution_center": 2, "name": "Patan Feeder (11kV)", "code": "LPR-MP-01", "source_type": "FEEDER_11KV", "voltage_level": "11 kV", "multiplying_factor": "100.000", "is_active": true, "created_at": "2026-04-02T07:26:25.515Z"}}, {"model": "nea_loss.meterpoint", "pk": 10, "fields": {"distribution_center": 2, "name": "Jawalakhel Feeder (11kV)", "code": "LPR-MP-02", "source_type": "FEEDER_11KV", "voltage_level": "11 kV", "multiplying_factor": "100.000", "is_active": true, "created_at": "2026-04-02T07:26:25.521Z"}}, {"model": "nea_loss.meterpoint", "pk": 11, "fields": {"distribution_center": 2, "name": "Import from KTM-DC", "code": "LPR-MP-03", "source_type": "INTERBRANCH", "voltage_level": "11 kV", "multiplying_factor": "100.000", "is_active": true, "created_at": "2026-04-02T07:26:25.529Z"}}, {"model": "nea_loss.meterpoint", "pk": 12, "fields": {"distribution_center": 7, "name": "Pokhara S/S Feeder (11kV)", "code": "PKR-MP-01", "source_type": "FEEDER_11KV", "voltage_level": "11 kV", "multiplying_factor": "100.000", "is_active": true, "created_at": "2026-04-02T07:26:25.536Z"}}, {"model": "nea_loss.meterpoint", "pk": 13, "fields": {"distribution_center": 7, "name": "Hemja Feeder (11kV)", "code": "PKR-MP-02", "source_type": "FEEDER_11KV", "voltage_level": "11 kV", "multiplying_factor": "100.000", "is_active": true, "created_at": "2026-04-02T07:26:25.543Z"}}, {"model": "nea_loss.meterpoint", "pk": 14, "fields": {"distribution_center": 7, "name": "Lekhnath Feeder (11kV)", "code": "PKR-MP-03", "source_type": "FEEDER_11KV", "voltage_level": "11 kV", "multiplying_factor": "100.000", "is_active": true, "created_at": "2026-04-02T07:26:25.551Z"}}, {"model": "nea_loss.meterpoint", "pk": 15, "fields": {"distribution_center": 7, "name": "Rupa Feeder (33kV)", "code": "PKR-MP-04", "source_type": "FEEDER_33KV", "voltage_level": "33 kV", "multiplying_factor": "200.000", "is_active": true, "created_at": "2026-04-02T07:26:25.559Z"}}, {"model": "nea_loss.meterpoint", "pk": 16, "fields": {"distribution_center": 1, "name": "Bazar feeder'", "code": "", "source_type": "SUBSTATION", "voltage_level": "", "multiplying_factor": "1.000", "is_active": true, "created_at": "2026-04-02T08:51:30.193Z"}}, {"model": "nea_loss.meterpoint", "pk": 17, "fields": {"distribution_center": 1, "name": "BhaktaPur to Churithumka", "code": "", "source_type": "SUBSTATION", "voltage_level": "", "multiplying_factor": "1.000", "is_active": true, "created_at": "2026-04-02T08:51:33.620Z"}}, {"model": "nea_loss.meterpoint", "pk": 18, "fields": {"distribution_center": 1, "name": "Nalinchowk Feeder", "code": "", "source_type": "SUBSTATION", "voltage_level": "", "multiplying_factor": "1.000", "is_active": true, "created_at": "2026-04-02T08:51:37.362Z"}}, {"model": "nea_loss.meterpoint", "pk": 19, "fields": {"distribution_center": 1, "name": "Suryabinayak Feeder", "code": "", "source_type": "SUBSTATION", "voltage_level": "", "multiplying_factor": "1.000", "is_active": true, "created_at": "2026-04-02T08:51:43.096Z"}}, {"model": "nea_loss.meterpoint", "pk": 20, "fields": {"distribution_center": 1, "name": "Nagarkot Feeder", "code": "", "source_type": "SUBSTATION", "voltage_level": "", "multiplying_factor": "1.000", "is_active": true, "created_at": "2026-04-02T08:51:48.517Z"}}, {"model": "nea_loss.meterpoint", "pk": 21, "fields": {"distribution_center": 1, "name": "Katunje Feeder", "code": "", "source_type": "SUBSTATION", "voltage_level": "", "multiplying_factor": "1.000", "is_active": true, "created_at": "2026-04-02T08:51:55.018Z"}}, {"model": "nea_loss.meterpoint", "pk": 22, "fields": {"distribution_center": 1, "name": "BID feeder", "code": "", "source_type": "SUBSTATION", "voltage_level": "", "multiplying_factor": "1.000", "is_active": true, "created_at": "2026-04-02T08:52:01.344Z"}}, {"model": "nea_loss.meterpoint", "pk": 23, "fields": {"distribution_center": 1, "name": "BiD2 Feeder", "code": "", "source_type": "SUBSTATION", "voltage_level": "", "multiplying_factor": "1.000", "is_active": true, "created_at": "2026-04-02T08:52:06.768Z"}}, {"model": "nea_loss.meterpoint", "pk": 24, "fields": {"distribution_center": 1, "name": "Sipadole Feeder", "code": "", "source_type": "SUBSTATION", "voltage_level": "", "multiplying_factor": "1.000", "is_active": true, "created_at": "2026-04-02T08:52:33.252Z"}}, {"model": "nea_loss.meterpoint", "pk": 25, "fields": {"distribution_center": 1, "name": "BiD2 Feeder", "code": "", "source_type": "SUBSTATION", "voltage_level": "", "multiplying_factor": "1.000", "is_active": true, "created_at": "2026-04-02T08:52:45.940Z"}}, {"model": "nea_loss.meterpoint", "pk": 26, "fields": {"distribution_center": 1, "name": "Brick Feeder", "code": "", "source_type": "SUBSTATION", "voltage_level": "", "multiplying_factor": "1.000", "is_active": true, "created_at": "2026-04-02T08:52:59.731Z"}}, {"model": "nea_loss.meterpoint", "pk": 27, "fields": {"distribution_center": 1, "name": "BYasi Feeder", "code": "", "source_type": "SUBSTATION", "voltage_level": "", "multiplying_factor": "1.000", "is_active": true, "created_at": "2026-04-02T08:53:04.340Z"}}, {"model": "nea_loss.meterpoint", "pk": 28, "fields": {"distribution_center": 1, "name": "BhaktaPur to Churithumka", "code": "", "source_type": "ENERGY_IMPORT", "voltage_level": "", "multiplying_factor": "1.000", "is_active": true, "created_at": "2026-04-02T08:55:06.837Z"}}, {"model": "nea_loss.meterpoint", "pk": 29, "fields": {"distribution_center": 1, "name": "Nagarkot To HAlede Panchkhal", "code": "", "source_type": "ENERGY_EXPORT", "voltage_level": "", "multiplying_factor": "1.000", "is_active": true, "created_at": "2026-04-02T08:55:22.054Z"}}, {"model": "nea_loss.meterpoint", "pk": 30, "fields": {"distribution_center": 1, "name": "Nagarkot to Debpur", "code": "", "source_type": "ENERGY_EXPORT", "voltage_level": "", "multiplying_factor": "1.000", "is_active": true, "created_at": "2026-04-02T08:55:26.553Z"}}, {"model": "nea_loss.meterpoint", "pk": 31, "fields": {"distribution_center": 2, "name": "Imadol 2 feeder", "code": "", "source_type": "SUBSTATION", "voltage_level": "", "multiplying_factor": "1.000", "is_active": true, "created_at": "2026-04-02T09:00:36.347Z"}}, {"model": "nea_loss.meterpoint", "pk": 32, "fields": {"distribution_center": 2, "name": "Lubhu Feeder", "code": "", "source_type": "SUBSTATION", "voltage_level": "", "multiplying_factor": "1.000", "is_active": true, "created_at": "2026-04-02T09:00:43.493Z"}}, {"model": "nea_loss.meterpoint", "pk": 33, "fields": {"distribution_center": 2, "name": "Chyasal Feeder", "code": "", "source_type": "SUBSTATION", "voltage_level": "", "multiplying_factor": "1.000", "is_active": true, "created_at": "2026-04-02T09:00:47.827Z"}}, {"model": "nea_loss.meterpoint", "pk": 34, "fields": {"distribution_center": 2, "name": "Jawalakhel", "code": "", "source_type": "SUBSTATION", "voltage_level": "", "multiplying_factor": "1.000", "is_active": true, "created_at": "2026-04-02T09:00:57.028Z"}}, {"model": "nea_loss.meterpoint", "pk": 35, "fields": {"distribution_center": 2, "name": "Imadol 3", "code": "", "source_type": "SUBSTATION", "voltage_level": "", "multiplying_factor": "1.000", "is_active": true, "created_at": "2026-04-02T09:01:01.819Z"}}, {"model": "nea_loss.meterpoint", "pk": 36, "fields": {"distribution_center": 2, "name": "Godavari", "code": "", "source_type": "SUBSTATION", "voltage_level": "", "multiplying_factor": "1.000", "is_active": true, "created_at": "2026-04-02T09:01:07.789Z"}}, {"model": "nea_loss.meterpoint", "pk": 37, "fields": {"distribution_center": 2, "name": "Patan Local", "code": "", "source_type": "SUBSTATION", "voltage_level": "", "multiplying_factor": "1.000", "is_active": true, "created_at": "2026-04-02T09:01:11.942Z"}}, {"model": "nea_loss.meterpoint", "pk": 38, "fields": {"distribution_center": 2, "name": "Khumaltar", "code": "", "source_type": "SUBSTATION", "voltage_level": "", "multiplying_factor": "1.000", "is_active": true, "created_at": "2026-04-02T09:01:18.386Z"}}, {"model": "nea_loss.meterpoint", "pk": 39, "fields": {"distribution_center": 2, "name": "Ring Road", "code": "", "source_type": "SUBSTATION", "voltage_level": "", "multiplying_factor": "1.000", "is_active": true, "created_at": "2026-04-02T09:01:27.728Z"}}, {"model": "nea_loss.meterpoint", "pk": 40, "fields": {"distribution_center": 2, "name": "Harisidhhi", "code": "", "source_type": "SUBSTATION", "voltage_level": "", "multiplying_factor": "1.000", "is_active": true, "created_at": "2026-04-02T09:01:32.309Z"}}, {"model": "nea_loss.meterpoint", "pk": 41, "fields": {"distribution_center": 2, "name": "Chapagaun", "code": "", "source_type": "SUBSTATION", "voltage_level": "", "multiplying_factor": "1.000", "is_active": true, "created_at": "2026-04-02T09:01:38.383Z"}}, {"model": "nea_loss.meterpoint", "pk": 42, "fields": {"distribution_center": 2, "name": "Lubhu 2", "code": "", "source_type": "SUBSTATION", "voltage_level": "", "multiplying_factor": "1.000", "is_active": true, "created_at": "2026-04-02T09:01:45.951Z"}}, {"model": "nea_loss.meterpoint", "pk": 43, "fields": {"distribution_center": 2, "name": "PID", "code": "", "source_type": "SUBSTATION", "voltage_level": "", "multiplying_factor": "1.000", "is_active": true, "created_at": "2026-04-02T09:01:49.940Z"}}, {"model": "nea_loss.meterpoint", "pk": 44, "fields": {"distribution_center": 2, "name": "Patan Hospital", "code": "", "source_type": "SUBSTATION", "voltage_level": "", "multiplying_factor": "1.000", "is_active": true, "created_at": "2026-04-02T09:01:56.518Z"}}, {"model": "nea_loss.meterpoint", "pk": 45, "fields": {"distribution_center": 2, "name": "Radio Nepal", "code": "", "source_type": "SUBSTATION", "voltage_level": "", "multiplying_factor": "1.000", "is_active": true, "created_at": "2026-04-02T09:02:00.791Z"}}, {"model": "nea_loss.meterpoint", "pk": 46, "fields": {"distribution_center": 2, "name": "NTC", "code": "", "source_type": "SUBSTATION", "voltage_level": "", "multiplying_factor": "1.000", "is_active": true, "created_at": "2026-04-02T09:02:05.017Z"}}, {"model": "nea_loss.meterpoint", "pk": 47, "fields": {"distribution_center": 2, "name": "Satdobato", "code": "", "source_type": "SUBSTATION", "voltage_level": "", "multiplying_factor": "1.000", "is_active": true, "created_at": "2026-04-02T09:02:15.014Z"}}, {"model": "nea_loss.meterpoint", "pk": 48, "fields": {"distribution_center": 2, "name": "Hattiban", "code": "", "source_type": "SUBSTATION", "voltage_level": "", "multiplying_factor": "1.000", "is_active": true, "created_at": "2026-04-02T09:02:19.585Z"}}, {"model": "nea_loss.meterpoint", "pk": 49, "fields": {"distribution_center": 2, "name": "Manbhawan", "code": "", "source_type": "SUBSTATION", "voltage_level": "", "multiplying_factor": "1.000", "is_active": true, "created_at": "2026-04-02T09:02:25.766Z"}}, {"model": "nea_loss.meterpoint", "pk": 50, "fields": {"distribution_center": 2, "name": "Gwarko", "code": "", "source_type": "SUBSTATION", "voltage_level": "", "multiplying_factor": "1.000", "is_active": true, "created_at": "2026-04-02T09:02:29.736Z"}}, {"model": "nea_loss.meterpoint", "pk": 51, "fields": {"distribution_center": 2, "name": "Mahlaxmi", "code": "", "source_type": "SUBSTATION", "voltage_level": "", "multiplying_factor": "1.000", "is_active": true, "created_at": "2026-04-02T09:02:33.686Z"}}, {"model": "nea_loss.meterpoint", "pk": 52, "fields": {"distribution_center": 2, "name": "Improt from Pulchowk", "code": "", "source_type": "ENERGY_IMPORT", "voltage_level": "", "multiplying_factor": "1.000", "is_active": true, "created_at": "2026-04-02T09:02:48.518Z"}}, {"model": "nea_loss.meterpoint", "pk": 53, "fields": {"distribution_center": 4, "name": "New khimti", "code": "", "source_type": "SUBSTATION", "voltage_level": "", "multiplying_factor": "1.000", "is_active": true, "created_at": "2026-04-02T09:13:40.909Z"}}, {"model": "nea_loss.meterpoint", "pk": 54, "fields": {"distribution_center": 4, "name": "Doramba", "code": "", "source_type": "SUBSTATION", "voltage_level": "", "multiplying_factor": "1.000", "is_active": true, "created_at": "2026-04-02T09:13:47.347Z"}}, {"model": "nea_loss.meterpoint", "pk": 55, "fields": {"distribution_center": 4, "name": "KREC", "code": "", "source_type": "SUBSTATION", "voltage_level": "", "multiplying_factor": "1.000", "is_active": true, "created_at": "2026-04-02T09:13:52.386Z"}}, {"model": "nea_loss.meterpoint", "pk": 56, "fields": {"distribution_center": 4, "name": "SINDHULI", "code": "", "source_type": "SUBSTATION", "voltage_level": "", "multiplying_factor": "1.000", "is_active": true, "created_at": "2026-04-02T09:13:56.109Z"}}, {"model": "nea_loss.meterpoint", "pk": 57, "fields": {"distribution_center": 4, "name": "BAMTI", "code": "", "source_type": "SUBSTATION", "voltage_level": "", "multiplying_factor": "1.000", "is_active": true, "created_at": "2026-04-02T09:14:07.801Z"}}, {"model": "nea_loss.meterpoint", "pk": 58, "fields": {"distribution_center": 4, "name": "Garjyang", "code": "", "source_type": "SUBSTATION", "voltage_level": "", "multiplying_factor": "1.000", "is_active": true, "created_at": "2026-04-02T09:14:17.786Z"}}, {"model": "nea_loss.meterpoint", "pk": 59, "fields": {"distribution_center": 4, "name": "Sindhuli 2.8", "code": "", "source_type": "ENERGY_IMPORT", "voltage_level": "", "multiplying_factor": "1.000", "is_active": true, "created_at": "2026-04-02T09:18:16.436Z"}}, {"model": "nea_loss.meterpoint", "pk": 60, "fields": {"distribution_center": 4, "name": "Sindhuli", "code": "", "source_type": "EXPORT_DC", "voltage_level": "", "multiplying_factor": "1.000", "is_active": true, "created_at": "2026-04-02T09:24:17.198Z"}}, {"model": "nea_loss.meterpoint", "pk": 61, "fields": {"distribution_center": 4, "name": "Okhaldunga", "code": "", "source_type": "EXPORT_DC", "voltage_level": "", "multiplying_factor": "1.000", "is_active": true, "created_at": "2026-04-02T09:24:24.015Z"}}, {"model": "nea_loss.meterpoint", "pk": 62, "fields": {"distribution_center": 4, "name": "Okhaldhunga 2", "code": "", "source_type": "EXPORT_DC", "voltage_level": "", "multiplying_factor": "1.000", "is_active": true, "created_at": "2026-04-02T09:25:51.795Z"}}, {"model": "nea_loss.meterpoint", "pk": 63, "fields": {"distribution_center": 4, "name": "Okhaldhunga 2", "code": "", "source_type": "ENERGY_EXPORT", "voltage_level": "", "multiplying_factor": "1.000", "is_active": true, "created_at": "2026-04-02T09:26:04.159Z"}}, {"model": "nea_loss.meterpoint", "pk": 64, "fields": {"distribution_center": 4, "name": "Sitkha", "code": "", "source_type": "EXPORT_DC", "voltage_level": "", "multiplying_factor": "1.000", "is_active": true, "created_at": "2026-04-02T09:26:25.868Z"}}, {"model": "nea_loss.meterreading", "pk": 1, "fields": {"monthly_data": 1, "meter_point": 22, "present_reading": "16836140.000", "previous_reading": "14986604.000", "difference": "1849536.000", "multiplying_factor": "1.000", "unit_kwh": "1849536.00"}}, {"model": "nea_loss.meterreading", "pk": 2, "fields": {"monthly_data": 1, "meter_point": 27, "present_reading": "11460768.000", "previous_reading": "10168204.000", "difference": "1292564.000", "multiplying_factor": "1.000", "unit_kwh": "1292564.00"}}, {"model": "nea_loss.meterreading", "pk": 3, "fields": {"monthly_data": 1, "meter_point": 16, "present_reading": "12798452.000", "previous_reading": "12019384.000", "difference": "779068.000", "multiplying_factor": "1.000", "unit_kwh": "779068.00"}}, {"model": "nea_loss.meterreading", "pk": 4, "fields": {"monthly_data": 1, "meter_point": 17, "present_reading": "6683020.000", "previous_reading": "5906648.000", "difference": "776372.000", "multiplying_factor": "1.000", "unit_kwh": "776372.00"}}, {"model": "nea_loss.meterreading", "pk": 5, "fields": {"monthly_data": 1, "meter_point": 23, "present_reading": "15772752.000", "previous_reading": "13979660.000", "difference": "1793092.000", "multiplying_factor": "1.000", "unit_kwh": "1793092.00"}}, {"model": "nea_loss.meterreading", "pk": 6, "fields": {"monthly_data": 1, "meter_point": 26, "present_reading": "2960488.000", "previous_reading": "2594104.000", "difference": "366384.000", "multiplying_factor": "1.000", "unit_kwh": "366384.00"}}, {"model": "nea_loss.meterreading", "pk": 7, "fields": {"monthly_data": 1, "meter_point": 21, "present_reading": "11363920.000", "previous_reading": "10054136.000", "difference": "1309784.000", "multiplying_factor": "1.500", "unit_kwh": "1964676.00"}}, {"model": "nea_loss.meterreading", "pk": 8, "fields": {"monthly_data": 1, "meter_point": 20, "present_reading": "9575800.000", "previous_reading": "8478464.000", "difference": "1097336.000", "multiplying_factor": "1.000", "unit_kwh": "1097336.00"}}, {"model": "nea_loss.meterreading", "pk": 9, "fields": {"monthly_data": 1, "meter_point": 18, "present_reading": "113934310.000", "previous_reading": "113303280.000", "difference": "631030.000", "multiplying_factor": "1.500", "unit_kwh": "946545.00"}}, {"model": "nea_loss.meterreading", "pk": 10, "fields": {"monthly_data": 1, "meter_point": 24, "present_reading": "379700.000", "previous_reading": "318720.000", "difference": "60980.000", "multiplying_factor": "1.000", "unit_kwh": "60980.00"}}, {"model": "nea_loss.meterreading", "pk": 11, "fields": {"monthly_data": 1, "meter_point": 28, "present_reading": "54634.000", "previous_reading": "0.000", "difference": "54634.000", "multiplying_factor": "1.000", "unit_kwh": "54634.00"}}, {"model": "nea_loss.meterreading", "pk": 12, "fields": {"monthly_data": 1, "meter_point": 29, "present_reading": "6817.800", "previous_reading": "0.000", "difference": "6817.800", "multiplying_factor": "1.000", "unit_kwh": "6817.80"}}, {"model": "nea_loss.meterreading", "pk": 13, "fields": {"monthly_data": 1, "meter_point": 30, "present_reading": "12126.300", "previous_reading": "0.000", "difference": "12126.300", "multiplying_factor": "1.000", "unit_kwh": "12126.30"}}, {"model": "nea_loss.meterreading", "pk": 14, "fields": {"monthly_data": 2, "meter_point": 52, "present_reading": "50000.000", "previous_reading": "0.000", "difference": "50000.000", "multiplying_factor": "1.000", "unit_kwh": "50000.00"}}, {"model": "nea_loss.meterreading", "pk": 15, "fields": {"monthly_data": 2, "meter_point": 41, "present_reading": "4914051.000", "previous_reading": "3147354.000", "difference": "1766697.000", "multiplying_factor": "1.000", "unit_kwh": "1766697.00"}}, {"model": "nea_loss.meterreading", "pk": 16, "fields": {"monthly_data": 2, "meter_point": 33, "present_reading": "3148680.000", "previous_reading": "2017971.000", "difference": "1130709.000", "multiplying_factor": "1.000", "unit_kwh": "1130709.00"}}, {"model": "nea_loss.meterreading", "pk": 17, "fields": {"monthly_data": 2, "meter_point": 36, "present_reading": "1496580.000", "previous_reading": "953517.000", "difference": "543063.000", "multiplying_factor": "1.000", "unit_kwh": "543063.00"}}, {"model": "nea_loss.meterreading", "pk": 18, "fields": {"monthly_data": 2, "meter_point": 50, "present_reading": "9854832.000", "previous_reading": "8171388.000", "difference": "1683444.000", "multiplying_factor": "1.000", "unit_kwh": "1683444.00"}}, {"model": "nea_loss.meterreading", "pk": 19, "fields": {"monthly_data": 2, "meter_point": 40, "present_reading": "10795758.000", "previous_reading": "8874396.000", "difference": "1921362.000", "multiplying_factor": "1.000", "unit_kwh": "1921362.00"}}, {"model": "nea_loss.meterreading", "pk": 20, "fields": {"monthly_data": 2, "meter_point": 48, "present_reading": "8130456.000", "previous_reading": "6753378.000", "difference": "1377078.000", "multiplying_factor": "1.000", "unit_kwh": "1377078.00"}}, {"model": "nea_loss.meterreading", "pk": 21, "fields": {"monthly_data": 2, "meter_point": 31, "present_reading": "9877350.000", "previous_reading": "8150970.000", "difference": "1726380.000", "multiplying_factor": "1.000", "unit_kwh": "1726380.00"}}, {"model": "nea_loss.meterreading", "pk": 22, "fields": {"monthly_data": 2, "meter_point": 35, "present_reading": "11605014.000", "previous_reading": "9496854.000", "difference": "2108160.000", "multiplying_factor": "1.000", "unit_kwh": "2108160.00"}}, {"model": "nea_loss.meterreading", "pk": 23, "fields": {"monthly_data": 2, "meter_point": 34, "present_reading": "40488948.000", "previous_reading": "32223792.000", "difference": "8265156.000", "multiplying_factor": "0.200", "unit_kwh": "1653031.20"}}, {"model": "nea_loss.meterreading", "pk": 24, "fields": {"monthly_data": 2, "meter_point": 38, "present_reading": "7769196.000", "previous_reading": "6500448.000", "difference": "1268748.000", "multiplying_factor": "1.000", "unit_kwh": "1268748.00"}}, {"model": "nea_loss.meterreading", "pk": 25, "fields": {"monthly_data": 2, "meter_point": 42, "present_reading": "1705128.000", "previous_reading": "1350780.000", "difference": "354348.000", "multiplying_factor": "1.000", "unit_kwh": "354348.00"}}, {"model": "nea_loss.meterreading", "pk": 26, "fields": {"monthly_data": 2, "meter_point": 32, "present_reading": "9157782.000", "previous_reading": "7552050.000", "difference": "1605732.000", "multiplying_factor": "1.000", "unit_kwh": "1605732.00"}}, {"model": "nea_loss.meterreading", "pk": 27, "fields": {"monthly_data": 2, "meter_point": 51, "present_reading": "3806650.000", "previous_reading": "2282394.000", "difference": "1524256.000", "multiplying_factor": "1.000", "unit_kwh": "1524256.00"}}, {"model": "nea_loss.meterreading", "pk": 28, "fields": {"monthly_data": 2, "meter_point": 49, "present_reading": "68962.000", "previous_reading": "68642.000", "difference": "320.000", "multiplying_factor": "1000.000", "unit_kwh": "320000.00"}}, {"model": "nea_loss.meterreading", "pk": 29, "fields": {"monthly_data": 2, "meter_point": 46, "present_reading": "8711000.000", "previous_reading": "7344088.000", "difference": "1366912.000", "multiplying_factor": "1.000", "unit_kwh": "1366912.00"}}, {"model": "nea_loss.meterreading", "pk": 30, "fields": {"monthly_data": 2, "meter_point": 43, "present_reading": "632979.000", "previous_reading": "376481.000", "difference": "256498.000", "multiplying_factor": "1.000", "unit_kwh": "256498.00"}}, {"model": "nea_loss.meterreading", "pk": 31, "fields": {"monthly_data": 2, "meter_point": 44, "present_reading": "8295360.000", "previous_reading": "6820968.000", "difference": "1474392.000", "multiplying_factor": "1.000", "unit_kwh": "1474392.00"}}, {"model": "nea_loss.meterreading", "pk": 32, "fields": {"monthly_data": 2, "meter_point": 37, "present_reading": "8281002.000", "previous_reading": "6647196.000", "difference": "1633806.000", "multiplying_factor": "1.000", "unit_kwh": "1633806.00"}}, {"model": "nea_loss.meterreading", "pk": 33, "fields": {"monthly_data": 2, "meter_point": 45, "present_reading": "4314029.000", "previous_reading": "3650374.000", "difference": "663655.000", "multiplying_factor": "1.000", "unit_kwh": "663655.00"}}, {"model": "nea_loss.meterreading", "pk": 34, "fields": {"monthly_data": 2, "meter_point": 39, "present_reading": "2762634.000", "previous_reading": "2073810.000", "difference": "688824.000", "multiplying_factor": "1.000", "unit_kwh": "688824.00"}}, {"model": "nea_loss.meterreading", "pk": 35, "fields": {"monthly_data": 2, "meter_point": 47, "present_reading": "3488676.000", "previous_reading": "2235966.000", "difference": "1252710.000", "multiplying_factor": "1.000", "unit_kwh": "1252710.00"}}, {"model": "nea_loss.meterreading", "pk": 36, "fields": {"monthly_data": 3, "meter_point": 59, "present_reading": "233659.700", "previous_reading": "0.000", "difference": "233659.700", "multiplying_factor": "1.000", "unit_kwh": "233659.70"}}, {"model": "nea_loss.meterreading", "pk": 37, "fields": {"monthly_data": 3, "meter_point": 57, "present_reading": "72300150.000", "previous_reading": "67183068.000", "difference": "5117082.000", "multiplying_factor": "1.000", "unit_kwh": "5117082.00"}}, {"model": "nea_loss.meterreading", "pk": 38, "fields": {"monthly_data": 3, "meter_point": 54, "present_reading": "6153375.000", "previous_reading": "5920781.000", "difference": "232594.000", "multiplying_factor": "1.000", "unit_kwh": "232594.00"}}, {"model": "nea_loss.meterreading", "pk": 39, "fields": {"monthly_data": 3, "meter_point": 58, "present_reading": "0.000", "previous_reading": "0.000", "difference": "0.000", "multiplying_factor": "1.000", "unit_kwh": "0.00"}}, {"model": "nea_loss.meterreading", "pk": 40, "fields": {"monthly_data": 3, "meter_point": 55, "present_reading": "475740.000", "previous_reading": "475740.000", "difference": "0.000", "multiplying_factor": "1.000", "unit_kwh": "0.00"}}, {"model": "nea_loss.meterreading", "pk": 41, "fields": {"monthly_data": 3, "meter_point": 53, "present_reading": "2768223.100", "previous_reading": "2543637.600", "difference": "224585.500", "multiplying_factor": "1.000", "unit_kwh": "224585.50"}}, {"model": "nea_loss.meterreading", "pk": 42, "fields": {"monthly_data": 3, "meter_point": 56, "present_reading": "16210.500", "previous_reading": "15896.400", "difference": "314.100", "multiplying_factor": "150.000", "unit_kwh": "47115.00"}}, {"model": "nea_loss.meterreading", "pk": 43, "fields": {"monthly_data": 3, "meter_point": 61, "present_reading": "25297303.200", "previous_reading": "21697586.400", "difference": "3599716.800", "multiplying_factor": "1.030", "unit_kwh": "3707708.30"}}, {"model": "nea_loss.meterreading", "pk": 44, "fields": {"monthly_data": 3, "meter_point": 60, "present_reading": "736246.400", "previous_reading": "684395.200", "difference": "51851.200", "multiplying_factor": "1.000", "unit_kwh": "51851.20"}}, {"model": "nea_loss.meterreading", "pk": 45, "fields": {"monthly_data": 3, "meter_point": 63, "present_reading": "10012.000", "previous_reading": "0.000", "difference": "10012.000", "multiplying_factor": "1.000", "unit_kwh": "10012.00"}}, {"model": "nea_loss.meterreading", "pk": 46, "fields": {"monthly_data": 3, "meter_point": 64, "present_reading": "645303.000", "previous_reading": "604712.000", "difference": "40591.000", "multiplying_factor": "1.030", "unit_kwh": "41808.73"}}, {"model": "nea_loss.meterreading", "pk": 47, "fields": {"monthly_data": 4, "meter_point": 28, "present_reading": "1937.000", "previous_reading": "0.000", "difference": "1937.000", "multiplying_factor": "1.000", "unit_kwh": "1937.00"}}, {"model": "nea_loss.meterreading", "pk": 48, "fields": {"monthly_data": 4, "meter_point": 22, "present_reading": "18681412.000", "previous_reading": "16836140.000", "difference": "1845272.000", "multiplying_factor": "1.000", "unit_kwh": "1845272.00"}}, {"model": "nea_loss.meterreading", "pk": 49, "fields": {"monthly_data": 4, "meter_point": 27, "present_reading": "12745468.000", "previous_reading": "11460768.000", "difference": "1284700.000", "multiplying_factor": "1.000", "unit_kwh": "1284700.00"}}, {"model": "nea_loss.meterreading", "pk": 50, "fields": {"monthly_data": 4, "meter_point": 16, "present_reading": "13577528.000", "previous_reading": "12798452.000", "difference": "779076.000", "multiplying_factor": "1.000", "unit_kwh": "779076.00"}}, {"model": "nea_loss.meterreading", "pk": 51, "fields": {"monthly_data": 4, "meter_point": 17, "present_reading": "7452135.000", "previous_reading": "6683020.000", "difference": "769115.000", "multiplying_factor": "1.000", "unit_kwh": "769115.00"}}, {"model": "nea_loss.meterreading", "pk": 52, "fields": {"monthly_data": 4, "meter_point": 23, "present_reading": "17502336.000", "previous_reading": "15772752.000", "difference": "1729584.000", "multiplying_factor": "1.000", "unit_kwh": "1729584.00"}}, {"model": "nea_loss.meterreading", "pk": 53, "fields": {"monthly_data": 4, "meter_point": 26, "present_reading": "3322828.000", "previous_reading": "2960488.000", "difference": "362340.000", "multiplying_factor": "1.000", "unit_kwh": "362340.00"}}, {"model": "nea_loss.meterreading", "pk": 54, "fields": {"monthly_data": 4, "meter_point": 21, "present_reading": "12609772.000", "previous_reading": "11363920.000", "difference": "1245852.000", "multiplying_factor": "1.500", "unit_kwh": "1868778.00"}}, {"model": "nea_loss.meterreading", "pk": 55, "fields": {"monthly_data": 4, "meter_point": 20, "present_reading": "10631184.000", "previous_reading": "9575800.000", "difference": "1055384.000", "multiplying_factor": "1.000", "unit_kwh": "1055384.00"}}, {"model": "nea_loss.meterreading", "pk": 56, "fields": {"monthly_data": 4, "meter_point": 18, "present_reading": "114551000.000", "previous_reading": "113934310.000", "difference": "616690.000", "multiplying_factor": "1.500", "unit_kwh": "925035.00"}}, {"model": "nea_loss.meterreading", "pk": 57, "fields": {"monthly_data": 4, "meter_point": 24, "present_reading": "437540.000", "previous_reading": "379700.000", "difference": "57840.000", "multiplying_factor": "1.000", "unit_kwh": "57840.00"}}, {"model": "nea_loss.meterreading", "pk": 58, "fields": {"monthly_data": 4, "meter_point": 29, "present_reading": "7985.000", "previous_reading": "0.000", "difference": "7985.000", "multiplying_factor": "1.000", "unit_kwh": "7985.00"}}, {"model": "nea_loss.meterreading", "pk": 59, "fields": {"monthly_data": 4, "meter_point": 30, "present_reading": "12527.000", "previous_reading": "0.000", "difference": "12527.000", "multiplying_factor": "1.000", "unit_kwh": "12527.00"}}, {"model": "nea_loss.monthlymeterpointstatus", "pk": 1, "fields": {"monthly_data": 1, "meter_point": 2, "is_active": false, "created_at": "2026-04-02T08:50:59.583Z"}}, {"model": "nea_loss.monthlymeterpointstatus", "pk": 2, "fields": {"monthly_data": 1, "meter_point": 1, "is_active": false, "created_at": "2026-04-02T08:51:07.280Z"}}, {"model": "nea_loss.monthlymeterpointstatus", "pk": 3, "fields": {"monthly_data": 1, "meter_point": 3, "is_active": false, "created_at": "2026-04-02T08:51:10.135Z"}}, {"model": "nea_loss.monthlymeterpointstatus", "pk": 4, "fields": {"monthly_data": 1, "meter_point": 4, "is_active": false, "created_at": "2026-04-02T08:51:16.744Z"}}, {"model": "nea_loss.monthlymeterpointstatus", "pk": 5, "fields": {"monthly_data": 1, "meter_point": 5, "is_active": false, "created_at": "2026-04-02T08:51:20.278Z"}}, {"model": "nea_loss.monthlymeterpointstatus", "pk": 6, "fields": {"monthly_data": 1, "meter_point": 25, "is_active": false, "created_at": "2026-04-02T08:52:51.648Z"}}, {"model": "nea_loss.monthlymeterpointstatus", "pk": 7, "fields": {"monthly_data": 1, "meter_point": 19, "is_active": false, "created_at": "2026-04-02T08:54:57.218Z"}}, {"model": "nea_loss.monthlymeterpointstatus", "pk": 8, "fields": {"monthly_data": 2, "meter_point": 10, "is_active": false, "created_at": "2026-04-02T09:00:04.515Z"}}, {"model": "nea_loss.monthlymeterpointstatus", "pk": 9, "fields": {"monthly_data": 2, "meter_point": 9, "is_active": false, "created_at": "2026-04-02T09:00:07.198Z"}}, {"model": "nea_loss.monthlymeterpointstatus", "pk": 10, "fields": {"monthly_data": 2, "meter_point": 11, "is_active": false, "created_at": "2026-04-02T09:00:09.894Z"}}, {"model": "nea_loss.monthlymeterpointstatus", "pk": 11, "fields": {"monthly_data": 3, "meter_point": 7, "is_active": false, "created_at": "2026-04-02T09:11:47.213Z"}}, {"model": "nea_loss.monthlymeterpointstatus", "pk": 12, "fields": {"monthly_data": 3, "meter_point": 8, "is_active": false, "created_at": "2026-04-02T09:11:49.933Z"}}, {"model": "nea_loss.monthlymeterpointstatus", "pk": 13, "fields": {"monthly_data": 3, "meter_point": 6, "is_active": false, "created_at": "2026-04-02T09:11:52.961Z"}}, {"model": "nea_loss.monthlymeterpointstatus", "pk": 14, "fields": {"monthly_data": 3, "meter_point": 62, "is_active": false, "created_at": "2026-04-02T09:25:58.346Z"}}, {"model": "nea_loss.monthlymeterpointstatus", "pk": 15, "fields": {"monthly_data": 4, "meter_point": 2, "is_active": false, "created_at": "2026-04-02T09:33:03.136Z"}}, {"model": "nea_loss.monthlymeterpointstatus", "pk": 16, "fields": {"monthly_data": 4, "meter_point": 1, "is_active": false, "created_at": "2026-04-02T09:33:06.843Z"}}, {"model": "nea_loss.monthlymeterpointstatus", "pk": 17, "fields": {"monthly_data": 4, "meter_point": 3, "is_active": false, "created_at": "2026-04-02T09:33:09.711Z"}}, {"model": "nea_loss.monthlymeterpointstatus", "pk": 18, "fields": {"monthly_data": 4, "meter_point": 4, "is_active": false, "created_at": "2026-04-02T09:33:13.026Z"}}, {"model": "nea_loss.monthlymeterpointstatus", "pk": 19, "fields": {"monthly_data": 4, "meter_point": 25, "is_active": false, "created_at": "2026-04-02T09:33:33.011Z"}}, {"model": "nea_loss.monthlymeterpointstatus", "pk": 20, "fields": {"monthly_data": 4, "meter_point": 19, "is_active": false, "created_at": "2026-04-02T09:33:38.439Z"}}, {"model": "nea_loss.monthlymeterpointstatus", "pk": 21, "fields": {"monthly_data": 4, "meter_point": 5, "is_active": false, "created_at": "2026-04-02T09:36:07.035Z"}}, {"model": "nea_loss.consumercategory", "pk": 1, "fields": {"name": "Domestic", "code": "DOM", "distribution_center": null, "display_order": 1, "is_active": true}}, {"model": "nea_loss.consumercategory", "pk": 2, "fields": {"name": "Commercial", "code": "COM", "distribution_center": null, "display_order": 2, "is_active": true}}, {"model": "nea_loss.consumercategory", "pk": 3, "fields": {"name": "Industrial (Small)", "code": "IND-S", "distribution_center": null, "display_order": 3, "is_active": true}}, {"model": "nea_loss.consumercategory", "pk": 4, "fields": {"name": "Industrial (Medium)", "code": "IND-M", "distribution_center": null, "display_order": 4, "is_active": true}}, {"model": "nea_loss.consumercategory", "pk": 5, "fields": {"name": "Industrial (Large)", "code": "IND-L", "distribution_center": null, "display_order": 5, "is_active": true}}, {"model": "nea_loss.consumercategory", "pk": 6, "fields": {"name": "Non-Commercial Institution", "code": "NCI", "distribution_center": null, "display_order": 6, "is_active": true}}, {"model": "nea_loss.consumercategory", "pk": 7, "fields": {"name": "Government", "code": "GOV", "distribution_center": null, "display_order": 7, "is_active": true}}, {"model": "nea_loss.consumercategory", "pk": 8, "fields": {"name": "Agriculture", "code": "AGR", "distribution_center": null, "display_order": 8, "is_active": true}}, {"model": "nea_loss.consumercategory", "pk": 9, "fields": {"name": "Street Light", "code": "STL", "distribution_center": null, "display_order": 9, "is_active": true}}, {"model": "nea_loss.consumercategory", "pk": 10, "fields": {"name": "Water Supply", "code": "WS", "distribution_center": null, "display_order": 10, "is_active": true}}, {"model": "nea_loss.consumercategory", "pk": 11, "fields": {"name": "Export to India", "code": "EXP-IN", "distribution_center": null, "display_order": 11, "is_active": true}}, {"model": "nea_loss.consumercategory", "pk": 12, "fields": {"name": "Export to Other DCs", "code": "EXP-DC", "distribution_center": null, "display_order": 12, "is_active": true}}, {"model": "nea_loss.consumercategory", "pk": 13, "fields": {"name": "Traction", "code": "TRA", "distribution_center": null, "display_order": 13, "is_active": true}}, {"model": "nea_loss.consumercategory", "pk": 14, "fields": {"name": "Mix / Others", "code": "OTH", "distribution_center": null, "display_order": 14, "is_active": true}}, {"model": "nea_loss.consumercategory", "pk": 15, "fields": {"name": "NEA Internal Use", "code": "NEA-INT", "distribution_center": null, "display_order": 15, "is_active": true}}, {"model": "nea_loss.energyutilisation", "pk": 1, "fields": {"monthly_data": 1, "consumer_category": 1, "energy_kwh": "5791754.00", "remarks": ""}}, {"model": "nea_loss.energyutilisation", "pk": 2, "fields": {"monthly_data": 1, "consumer_category": 2, "energy_kwh": "668032.13", "remarks": ""}}, {"model": "nea_loss.energyutilisation", "pk": 3, "fields": {"monthly_data": 1, "consumer_category": 3, "energy_kwh": "506164.04", "remarks": ""}}, {"model": "nea_loss.energyutilisation", "pk": 4, "fields": {"monthly_data": 1, "consumer_category": 4, "energy_kwh": "2180160.83", "remarks": ""}}, {"model": "nea_loss.energyutilisation", "pk": 5, "fields": {"monthly_data": 1, "consumer_category": 5, "energy_kwh": "342355.71", "remarks": ""}}, {"model": "nea_loss.energyutilisation", "pk": 6, "fields": {"monthly_data": 1, "consumer_category": 6, "energy_kwh": "25929.14", "remarks": ""}}, {"model": "nea_loss.energyutilisation", "pk": 7, "fields": {"monthly_data": 1, "consumer_category": 7, "energy_kwh": "73071.00", "remarks": ""}}, {"model": "nea_loss.energyutilisation", "pk": 8, "fields": {"monthly_data": 1, "consumer_category": 8, "energy_kwh": "9620.00", "remarks": ""}}, {"model": "nea_loss.energyutilisation", "pk": 9, "fields": {"monthly_data": 1, "consumer_category": 9, "energy_kwh": "21788.00", "remarks": ""}}, {"model": "nea_loss.energyutilisation", "pk": 10, "fields": {"monthly_data": 1, "consumer_category": 10, "energy_kwh": "420994.51", "remarks": ""}}, {"model": "nea_loss.energyutilisation", "pk": 11, "fields": {"monthly_data": 1, "consumer_category": 11, "energy_kwh": "10186.00", "remarks": ""}}, {"model": "nea_loss.energyutilisation", "pk": 12, "fields": {"monthly_data": 1, "consumer_category": 12, "energy_kwh": "651.00", "remarks": ""}}, {"model": "nea_loss.energyutilisation", "pk": 13, "fields": {"monthly_data": 1, "consumer_category": 13, "energy_kwh": "49626.99", "remarks": ""}}, {"model": "nea_loss.energyutilisation", "pk": 14, "fields": {"monthly_data": 1, "consumer_category": 14, "energy_kwh": "0.00", "remarks": ""}}, {"model": "nea_loss.energyutilisation", "pk": 15, "fields": {"monthly_data": 1, "consumer_category": 15, "energy_kwh": "0.00", "remarks": ""}}, {"model": "nea_loss.energyutilisation", "pk": 16, "fields": {"monthly_data": 2, "consumer_category": 1, "energy_kwh": "13685514.00", "remarks": ""}}, {"model": "nea_loss.energyutilisation", "pk": 17, "fields": {"monthly_data": 2, "consumer_category": 2, "energy_kwh": "943423.00", "remarks": ""}}, {"model": "nea_loss.energyutilisation", "pk": 18, "fields": {"monthly_data": 2, "consumer_category": 3, "energy_kwh": "3156795.00", "remarks": ""}}, {"model": "nea_loss.energyutilisation", "pk": 19, "fields": {"monthly_data": 2, "consumer_category": 4, "energy_kwh": "1194688.00", "remarks": ""}}, {"model": "nea_loss.energyutilisation", "pk": 20, "fields": {"monthly_data": 2, "consumer_category": 5, "energy_kwh": "2692779.00", "remarks": ""}}, {"model": "nea_loss.energyutilisation", "pk": 21, "fields": {"monthly_data": 2, "consumer_category": 6, "energy_kwh": "337769.00", "remarks": ""}}, {"model": "nea_loss.energyutilisation", "pk": 22, "fields": {"monthly_data": 2, "consumer_category": 7, "energy_kwh": "510315.00", "remarks": ""}}, {"model": "nea_loss.energyutilisation", "pk": 23, "fields": {"monthly_data": 2, "consumer_category": 8, "energy_kwh": "7759.00", "remarks": ""}}, {"model": "nea_loss.energyutilisation", "pk": 24, "fields": {"monthly_data": 2, "consumer_category": 9, "energy_kwh": "148527.00", "remarks": ""}}, {"model": "nea_loss.energyutilisation", "pk": 25, "fields": {"monthly_data": 2, "consumer_category": 10, "energy_kwh": "19673.00", "remarks": ""}}, {"model": "nea_loss.energyutilisation", "pk": 26, "fields": {"monthly_data": 2, "consumer_category": 11, "energy_kwh": "2739.00", "remarks": ""}}, {"model": "nea_loss.energyutilisation", "pk": 27, "fields": {"monthly_data": 2, "consumer_category": 12, "energy_kwh": "4136.00", "remarks": ""}}, {"model": "nea_loss.energyutilisation", "pk": 28, "fields": {"monthly_data": 2, "consumer_category": 13, "energy_kwh": "266741.00", "remarks": ""}}, {"model": "nea_loss.energyutilisation", "pk": 29, "fields": {"monthly_data": 2, "consumer_category": 14, "energy_kwh": "2427.00", "remarks": ""}}, {"model": "nea_loss.energyutilisation", "pk": 30, "fields": {"monthly_data": 2, "consumer_category": 15, "energy_kwh": "1270684.00", "remarks": ""}}, {"model": "nea_loss.energyutilisation", "pk": 31, "fields": {"monthly_data": 3, "consumer_category": 1, "energy_kwh": "794254.69", "remarks": ""}}, {"model": "nea_loss.energyutilisation", "pk": 32, "fields": {"monthly_data": 3, "consumer_category": 2, "energy_kwh": "1822.00", "remarks": ""}}, {"model": "nea_loss.energyutilisation", "pk": 33, "fields": {"monthly_data": 3, "consumer_category": 3, "energy_kwh": "355101.68", "remarks": ""}}, {"model": "nea_loss.energyutilisation", "pk": 34, "fields": {"monthly_data": 3, "consumer_category": 4, "energy_kwh": "119137.79", "remarks": ""}}, {"model": "nea_loss.energyutilisation", "pk": 35, "fields": {"monthly_data": 3, "consumer_category": 5, "energy_kwh": "64886.52", "remarks": ""}}, {"model": "nea_loss.energyutilisation", "pk": 36, "fields": {"monthly_data": 3, "consumer_category": 6, "energy_kwh": "14175.00", "remarks": ""}}, {"model": "nea_loss.energyutilisation", "pk": 37, "fields": {"monthly_data": 3, "consumer_category": 7, "energy_kwh": "50945.93", "remarks": ""}}, {"model": "nea_loss.energyutilisation", "pk": 38, "fields": {"monthly_data": 3, "consumer_category": 8, "energy_kwh": "309207.62", "remarks": ""}}, {"model": "nea_loss.energyutilisation", "pk": 39, "fields": {"monthly_data": 3, "consumer_category": 9, "energy_kwh": "13426.61", "remarks": ""}}, {"model": "nea_loss.energyutilisation", "pk": 40, "fields": {"monthly_data": 3, "consumer_category": 10, "energy_kwh": "2763.00", "remarks": ""}}, {"model": "nea_loss.energyutilisation", "pk": 41, "fields": {"monthly_data": 3, "consumer_category": 11, "energy_kwh": "25384.35", "remarks": ""}}, {"model": "nea_loss.energyutilisation", "pk": 42, "fields": {"monthly_data": 3, "consumer_category": 12, "energy_kwh": "206823.15", "remarks": ""}}, {"model": "nea_loss.energyutilisation", "pk": 43, "fields": {"monthly_data": 3, "consumer_category": 13, "energy_kwh": "4517.00", "remarks": ""}}, {"model": "nea_loss.energyutilisation", "pk": 44, "fields": {"monthly_data": 3, "consumer_category": 14, "energy_kwh": "0.00", "remarks": ""}}, {"model": "nea_loss.energyutilisation", "pk": 45, "fields": {"monthly_data": 3, "consumer_category": 15, "energy_kwh": "0.00", "remarks": ""}}, {"model": "nea_loss.energyutilisation", "pk": 46, "fields": {"monthly_data": 4, "consumer_category": 1, "energy_kwh": "5585217.33", "remarks": ""}}, {"model": "nea_loss.energyutilisation", "pk": 47, "fields": {"monthly_data": 4, "consumer_category": 2, "energy_kwh": "676921.83", "remarks": ""}}, {"model": "nea_loss.energyutilisation", "pk": 48, "fields": {"monthly_data": 4, "consumer_category": 3, "energy_kwh": "495274.53", "remarks": ""}}, {"model": "nea_loss.energyutilisation", "pk": 49, "fields": {"monthly_data": 4, "consumer_category": 4, "energy_kwh": "2197555.70", "remarks": ""}}, {"model": "nea_loss.energyutilisation", "pk": 50, "fields": {"monthly_data": 4, "consumer_category": 5, "energy_kwh": "340631.09", "remarks": ""}}, {"model": "nea_loss.energyutilisation", "pk": 51, "fields": {"monthly_data": 4, "consumer_category": 6, "energy_kwh": "29325.50", "remarks": ""}}, {"model": "nea_loss.energyutilisation", "pk": 52, "fields": {"monthly_data": 4, "consumer_category": 7, "energy_kwh": "73472.00", "remarks": ""}}, {"model": "nea_loss.energyutilisation", "pk": 53, "fields": {"monthly_data": 4, "consumer_category": 8, "energy_kwh": "16729.00", "remarks": ""}}, {"model": "nea_loss.energyutilisation", "pk": 54, "fields": {"monthly_data": 4, "consumer_category": 9, "energy_kwh": "21224.00", "remarks": ""}}, {"model": "nea_loss.energyutilisation", "pk": 55, "fields": {"monthly_data": 4, "consumer_category": 10, "energy_kwh": "411450.08", "remarks": ""}}, {"model": "nea_loss.energyutilisation", "pk": 56, "fields": {"monthly_data": 4, "consumer_category": 11, "energy_kwh": "8779.00", "remarks": ""}}, {"model": "nea_loss.energyutilisation", "pk": 57, "fields": {"monthly_data": 4, "consumer_category": 12, "energy_kwh": "2306.00", "remarks": ""}}, {"model": "nea_loss.energyutilisation", "pk": 58, "fields": {"monthly_data": 4, "consumer_category": 13, "energy_kwh": "74454.40", "remarks": ""}}, {"model": "nea_loss.energyutilisation", "pk": 59, "fields": {"monthly_data": 4, "consumer_category": 14, "energy_kwh": "0.00", "remarks": ""}}, {"model": "nea_loss.energyutilisation", "pk": 60, "fields": {"monthly_data": 4, "consumer_category": 15, "energy_kwh": "0.00", "remarks": ""}}, {"model": "nea_loss.energyutilisation", "pk": 61, "fields": {"monthly_data": 6, "consumer_category": 1, "energy_kwh": "0.00", "remarks": ""}}, {"model": "nea_loss.energyutilisation", "pk": 62, "fields": {"monthly_data": 6, "consumer_category": 2, "energy_kwh": "0.00", "remarks": ""}}, {"model": "nea_loss.energyutilisation", "pk": 63, "fields": {"monthly_data": 6, "consumer_category": 3, "energy_kwh": "0.00", "remarks": ""}}, {"model": "nea_loss.energyutilisation", "pk": 64, "fields": {"monthly_data": 6, "consumer_category": 4, "energy_kwh": "0.00", "remarks": ""}}, {"model": "nea_loss.energyutilisation", "pk": 65, "fields": {"monthly_data": 6, "consumer_category": 5, "energy_kwh": "0.00", "remarks": ""}}, {"model": "nea_loss.energyutilisation", "pk": 66, "fields": {"monthly_data": 6, "consumer_category": 6, "energy_kwh": "0.00", "remarks": ""}}, {"model": "nea_loss.energyutilisation", "pk": 67, "fields": {"monthly_data": 6, "consumer_category": 7, "energy_kwh": "0.00", "remarks": ""}}, {"model": "nea_loss.energyutilisation", "pk": 68, "fields": {"monthly_data": 6, "consumer_category": 8, "energy_kwh": "0.00", "remarks": ""}}, {"model": "nea_loss.energyutilisation", "pk": 69, "fields": {"monthly_data": 6, "consumer_category": 9, "energy_kwh": "0.00", "remarks": ""}}, {"model": "nea_loss.energyutilisation", "pk": 70, "fields": {"monthly_data": 6, "consumer_category": 10, "energy_kwh": "0.00", "remarks": ""}}, {"model": "nea_loss.energyutilisation", "pk": 71, "fields": {"monthly_data": 6, "consumer_category": 11, "energy_kwh": "0.00", "remarks": ""}}, {"model": "nea_loss.energyutilisation", "pk": 72, "fields": {"monthly_data": 6, "consumer_category": 12, "energy_kwh": "0.00", "remarks": ""}}, {"model": "nea_loss.energyutilisation", "pk": 73, "fields": {"monthly_data": 6, "consumer_category": 13, "energy_kwh": "0.00", "remarks": ""}}, {"model": "nea_loss.energyutilisation", "pk": 74, "fields": {"monthly_data": 6, "consumer_category": 14, "energy_kwh": "0.00", "remarks": ""}}, {"model": "nea_loss.energyutilisation", "pk": 75, "fields": {"monthly_data": 6, "consumer_category": 15, "energy_kwh": "0.00", "remarks": ""}}, {"model": "nea_loss.consumercount", "pk": 1, "fields": {"monthly_data": 1, "consumer_category": 1, "count": 0, "remarks": ""}}, {"model": "nea_loss.consumercount", "pk": 2, "fields": {"monthly_data": 1, "consumer_category": 2, "count": 0, "remarks": ""}}, {"model": "nea_loss.consumercount", "pk": 3, "fields": {"monthly_data": 1, "consumer_category": 3, "count": 0, "remarks": ""}}, {"model": "nea_loss.consumercount", "pk": 4, "fields": {"monthly_data": 1, "consumer_category": 4, "count": 0, "remarks": ""}}, {"model": "nea_loss.consumercount", "pk": 5, "fields": {"monthly_data": 1, "consumer_category": 5, "count": 0, "remarks": ""}}, {"model": "nea_loss.consumercount", "pk": 6, "fields": {"monthly_data": 1, "consumer_category": 6, "count": 0, "remarks": ""}}, {"model": "nea_loss.consumercount", "pk": 7, "fields": {"monthly_data": 1, "consumer_category": 7, "count": 0, "remarks": ""}}, {"model": "nea_loss.consumercount", "pk": 8, "fields": {"monthly_data": 1, "consumer_category": 8, "count": 0, "remarks": ""}}, {"model": "nea_loss.consumercount", "pk": 9, "fields": {"monthly_data": 1, "consumer_category": 9, "count": 0, "remarks": ""}}, {"model": "nea_loss.consumercount", "pk": 10, "fields": {"monthly_data": 1, "consumer_category": 10, "count": 0, "remarks": ""}}, {"model": "nea_loss.consumercount", "pk": 11, "fields": {"monthly_data": 1, "consumer_category": 11, "count": 0, "remarks": ""}}, {"model": "nea_loss.consumercount", "pk": 12, "fields": {"monthly_data": 1, "consumer_category": 12, "count": 0, "remarks": ""}}, {"model": "nea_loss.consumercount", "pk": 13, "fields": {"monthly_data": 1, "consumer_category": 13, "count": 0, "remarks": ""}}, {"model": "nea_loss.consumercount", "pk": 14, "fields": {"monthly_data": 1, "consumer_category": 14, "count": 0, "remarks": ""}}, {"model": "nea_loss.consumercount", "pk": 15, "fields": {"monthly_data": 1, "consumer_category": 15, "count": 0, "remarks": ""}}, {"model": "nea_loss.consumercount", "pk": 16, "fields": {"monthly_data": 2, "consumer_category": 1, "count": 0, "remarks": ""}}, {"model": "nea_loss.consumercount", "pk": 17, "fields": {"monthly_data": 2, "consumer_category": 2, "count": 0, "remarks": ""}}, {"model": "nea_loss.consumercount", "pk": 18, "fields": {"monthly_data": 2, "consumer_category": 3, "count": 0, "remarks": ""}}, {"model": "nea_loss.consumercount", "pk": 19, "fields": {"monthly_data": 2, "consumer_category": 4, "count": 0, "remarks": ""}}, {"model": "nea_loss.consumercount", "pk": 20, "fields": {"monthly_data": 2, "consumer_category": 5, "count": 0, "remarks": ""}}, {"model": "nea_loss.consumercount", "pk": 21, "fields": {"monthly_data": 2, "consumer_category": 6, "count": 0, "remarks": ""}}, {"model": "nea_loss.consumercount", "pk": 22, "fields": {"monthly_data": 2, "consumer_category": 7, "count": 0, "remarks": ""}}, {"model": "nea_loss.consumercount", "pk": 23, "fields": {"monthly_data": 2, "consumer_category": 8, "count": 0, "remarks": ""}}, {"model": "nea_loss.consumercount", "pk": 24, "fields": {"monthly_data": 2, "consumer_category": 9, "count": 0, "remarks": ""}}, {"model": "nea_loss.consumercount", "pk": 25, "fields": {"monthly_data": 2, "consumer_category": 10, "count": 0, "remarks": ""}}, {"model": "nea_loss.consumercount", "pk": 26, "fields": {"monthly_data": 2, "consumer_category": 11, "count": 0, "remarks": ""}}, {"model": "nea_loss.consumercount", "pk": 27, "fields": {"monthly_data": 2, "consumer_category": 12, "count": 0, "remarks": ""}}, {"model": "nea_loss.consumercount", "pk": 28, "fields": {"monthly_data": 2, "consumer_category": 13, "count": 0, "remarks": ""}}, {"model": "nea_loss.consumercount", "pk": 29, "fields": {"monthly_data": 2, "consumer_category": 14, "count": 0, "remarks": ""}}, {"model": "nea_loss.consumercount", "pk": 30, "fields": {"monthly_data": 2, "consumer_category": 15, "count": 0, "remarks": ""}}, {"model": "nea_loss.consumercount", "pk": 31, "fields": {"monthly_data": 3, "consumer_category": 1, "count": 0, "remarks": ""}}, {"model": "nea_loss.consumercount", "pk": 32, "fields": {"monthly_data": 3, "consumer_category": 2, "count": 0, "remarks": ""}}, {"model": "nea_loss.consumercount", "pk": 33, "fields": {"monthly_data": 3, "consumer_category": 3, "count": 0, "remarks": ""}}, {"model": "nea_loss.consumercount", "pk": 34, "fields": {"monthly_data": 3, "consumer_category": 4, "count": 0, "remarks": ""}}, {"model": "nea_loss.consumercount", "pk": 35, "fields": {"monthly_data": 3, "consumer_category": 5, "count": 0, "remarks": ""}}, {"model": "nea_loss.consumercount", "pk": 36, "fields": {"monthly_data": 3, "consumer_category": 6, "count": 0, "remarks": ""}}, {"model": "nea_loss.consumercount", "pk": 37, "fields": {"monthly_data": 3, "consumer_category": 7, "count": 0, "remarks": ""}}, {"model": "nea_loss.consumercount", "pk": 38, "fields": {"monthly_data": 3, "consumer_category": 8, "count": 0, "remarks": ""}}, {"model": "nea_loss.consumercount", "pk": 39, "fields": {"monthly_data": 3, "consumer_category": 9, "count": 0, "remarks": ""}}, {"model": "nea_loss.consumercount", "pk": 40, "fields": {"monthly_data": 3, "consumer_category": 10, "count": 0, "remarks": ""}}, {"model": "nea_loss.consumercount", "pk": 41, "fields": {"monthly_data": 3, "consumer_category": 11, "count": 0, "remarks": ""}}, {"model": "nea_loss.consumercount", "pk": 42, "fields": {"monthly_data": 3, "consumer_category": 12, "count": 0, "remarks": ""}}, {"model": "nea_loss.consumercount", "pk": 43, "fields": {"monthly_data": 3, "consumer_category": 13, "count": 0, "remarks": ""}}, {"model": "nea_loss.consumercount", "pk": 44, "fields": {"monthly_data": 3, "consumer_category": 14, "count": 0, "remarks": ""}}, {"model": "nea_loss.consumercount", "pk": 45, "fields": {"monthly_data": 3, "consumer_category": 15, "count": 0, "remarks": ""}}, {"model": "nea_loss.consumercount", "pk": 46, "fields": {"monthly_data": 4, "consumer_category": 1, "count": 0, "remarks": ""}}, {"model": "nea_loss.consumercount", "pk": 47, "fields": {"monthly_data": 4, "consumer_category": 2, "count": 0, "remarks": ""}}, {"model": "nea_loss.consumercount", "pk": 48, "fields": {"monthly_data": 4, "consumer_category": 3, "count": 0, "remarks": ""}}, {"model": "nea_loss.consumercount", "pk": 49, "fields": {"monthly_data": 4, "consumer_category": 4, "count": 0, "remarks": ""}}, {"model": "nea_loss.consumercount", "pk": 50, "fields": {"monthly_data": 4, "consumer_category": 5, "count": 0, "remarks": ""}}, {"model": "nea_loss.consumercount", "pk": 51, "fields": {"monthly_data": 4, "consumer_category": 6, "count": 0, "remarks": ""}}, {"model": "nea_loss.consumercount", "pk": 52, "fields": {"monthly_data": 4, "consumer_category": 7, "count": 0, "remarks": ""}}, {"model": "nea_loss.consumercount", "pk": 53, "fields": {"monthly_data": 4, "consumer_category": 8, "count": 0, "remarks": ""}}, {"model": "nea_loss.consumercount", "pk": 54, "fields": {"monthly_data": 4, "consumer_category": 9, "count": 0, "remarks": ""}}, {"model": "nea_loss.consumercount", "pk": 55, "fields": {"monthly_data": 4, "consumer_category": 10, "count": 0, "remarks": ""}}, {"model": "nea_loss.consumercount", "pk": 56, "fields": {"monthly_data": 4, "consumer_category": 11, "count": 0, "remarks": ""}}, {"model": "nea_loss.consumercount", "pk": 57, "fields": {"monthly_data": 4, "consumer_category": 12, "count": 0, "remarks": ""}}, {"model": "nea_loss.consumercount", "pk": 58, "fields": {"monthly_data": 4, "consumer_category": 13, "count": 0, "remarks": ""}}, {"model": "nea_loss.consumercount", "pk": 59, "fields": {"monthly_data": 4, "consumer_category": 14, "count": 0, "remarks": ""}}, {"model": "nea_loss.consumercount", "pk": 60, "fields": {"monthly_data": 4, "consumer_category": 15, "count": 0, "remarks": ""}}, {"model": "nea_loss.consumercount", "pk": 61, "fields": {"monthly_data": 6, "consumer_category": 1, "count": 0, "remarks": ""}}, {"model": "nea_loss.consumercount", "pk": 62, "fields": {"monthly_data": 6, "consumer_category": 2, "count": 0, "remarks": ""}}, {"model": "nea_loss.consumercount", "pk": 63, "fields": {"monthly_data": 6, "consumer_category": 3, "count": 0, "remarks": ""}}, {"model": "nea_loss.consumercount", "pk": 64, "fields": {"monthly_data": 6, "consumer_category": 4, "count": 0, "remarks": ""}}, {"model": "nea_loss.consumercount", "pk": 65, "fields": {"monthly_data": 6, "consumer_category": 5, "count": 0, "remarks": ""}}, {"model": "nea_loss.consumercount", "pk": 66, "fields": {"monthly_data": 6, "consumer_category": 6, "count": 0, "remarks": ""}}, {"model": "nea_loss.consumercount", "pk": 67, "fields": {"monthly_data": 6, "consumer_category": 7, "count": 0, "remarks": ""}}, {"model": "nea_loss.consumercount", "pk": 68, "fields": {"monthly_data": 6, "consumer_category": 8, "count": 0, "remarks": ""}}, {"model": "nea_loss.consumercount", "pk": 69, "fields": {"monthly_data": 6, "consumer_category": 9, "count": 0, "remarks": ""}}, {"model": "nea_loss.consumercount", "pk": 70, "fields": {"monthly_data": 6, "consumer_category": 10, "count": 0, "remarks": ""}}, {"model": "nea_loss.consumercount", "pk": 71, "fields": {"monthly_data": 6, "consumer_category": 11, "count": 0, "remarks": ""}}, {"model": "nea_loss.consumercount", "pk": 72, "fields": {"monthly_data": 6, "consumer_category": 12, "count": 0, "remarks": ""}}, {"model": "nea_loss.consumercount", "pk": 73, "fields": {"monthly_data": 6, "consumer_category": 13, "count": 0, "remarks": ""}}, {"model": "nea_loss.consumercount", "pk": 74, "fields": {"monthly_data": 6, "consumer_category": 14, "count": 0, "remarks": ""}}, {"model": "nea_loss.consumercount", "pk": 75, "fields": {"monthly_data": 6, "consumer_category": 15, "count": 0, "remarks": ""}}, {"model": "nea_loss.provincialreport", "pk": 1, "fields": {"provincial_office": 1, "fiscal_year": 3, "month": 1, "status": "DRAFT", "created_by": ["prov_kvdd"], "created_at": "2026-04-02T09:30:37.186Z", "updated_at": "2026-04-02T09:30:37.186Z", "remarks": ""}}, {"model": "nea_loss.dcyearlytarget", "pk": 1, "fields": {"distribution_center": 1, "fiscal_year": 3, "target_loss_percent": "7.500", "set_by": ["prov_kvdd"], "created_at": "2026-04-06T10:30:03.945Z", "updated_at": "2026-04-06T10:30:03.945Z"}}, {"model": "nea_loss.dcmonthlytarget", "pk": 1, "fields": {"distribution_center": 3, "fiscal_year": 3, "month": 1, "target_loss_percent": "12.000", "set_by": ["prov_kvdd"], "created_at": "2026-04-06T03:34:38.846Z", "updated_at": "2026-04-06T03:35:09.686Z"}}, {"model": "nea_loss.dcmonthlytarget", "pk": 2, "fields": {"distribution_center": 1, "fiscal_year": 3, "month": 1, "target_loss_percent": "12.000", "set_by": ["prov_kvdd"], "created_at": "2026-04-06T03:35:09.700Z", "updated_at": "2026-04-06T03:35:09.700Z"}}, {"model": "nea_loss.auditlog", "pk": 1, "fields": {"user": ["dc_ktm"], "action": "LOGIN", "model_name": "NEAUser", "object_id": 5, "description": "User dc_ktm logged in", "timestamp": "2026-04-02T07:26:48.513Z", "ip_address": "127.0.0.1"}}, {"model": "nea_loss.auditlog", "pk": 2, "fields": {"user": ["prov_kvdd"], "action": "LOGIN", "model_name": "NEAUser", "object_id": 4, "description": "User prov_kvdd logged in", "timestamp": "2026-04-02T08:50:07.436Z", "ip_address": "127.0.0.1"}}, {"model": "nea_loss.auditlog", "pk": 3, "fields": {"user": ["dc_ktm"], "action": "LOGIN", "model_name": "NEAUser", "object_id": 5, "description": "User dc_ktm logged in", "timestamp": "2026-04-02T08:50:36.767Z", "ip_address": "127.0.0.1"}}, {"model": "nea_loss.auditlog", "pk": 4, "fields": {"user": ["dc_ktm"], "action": "CREATE", "model_name": "LossReport", "object_id": 1, "description": "Created monthly loss report for Kathmandu Distribution Center - 2082/083 - Shrawan", "timestamp": "2026-04-02T08:50:54.878Z", "ip_address": null}}, {"model": "nea_loss.auditlog", "pk": 5, "fields": {"user": ["prov_kvdd"], "action": "LOGIN", "model_name": "NEAUser", "object_id": 4, "description": "User prov_kvdd logged in", "timestamp": "2026-04-02T08:57:36.003Z", "ip_address": "127.0.0.1"}}, {"model": "nea_loss.auditlog", "pk": 6, "fields": {"user": ["dc_lpr"], "action": "LOGIN", "model_name": "NEAUser", "object_id": 7, "description": "User dc_lpr logged in", "timestamp": "2026-04-02T08:59:52.143Z", "ip_address": "127.0.0.1"}}, {"model": "nea_loss.auditlog", "pk": 7, "fields": {"user": ["dc_lpr"], "action": "CREATE", "model_name": "LossReport", "object_id": 2, "description": "Created monthly loss report for Lalitpur Distribution Center - 2082/083 - Shrawan", "timestamp": "2026-04-02T09:00:00.200Z", "ip_address": null}}, {"model": "nea_loss.auditlog", "pk": 8, "fields": {"user": ["prov_kvdd"], "action": "LOGIN", "model_name": "NEAUser", "object_id": 4, "description": "User prov_kvdd logged in", "timestamp": "2026-04-02T09:09:16.022Z", "ip_address": "127.0.0.1"}}, {"model": "nea_loss.auditlog", "pk": 9, "fields": {"user": ["dc_pkr"], "action": "LOGIN", "model_name": "NEAUser", "object_id": 8, "description": "User dc_pkr logged in", "timestamp": "2026-04-02T09:10:11.658Z", "ip_address": "127.0.0.1"}}, {"model": "nea_loss.auditlog", "pk": 10, "fields": {"user": ["sysadmin"], "action": "LOGIN", "model_name": "NEAUser", "object_id": 1, "description": "User sysadmin logged in", "timestamp": "2026-04-02T09:10:52.835Z", "ip_address": "127.0.0.1"}}, {"model": "nea_loss.auditlog", "pk": 11, "fields": {"user": ["dc_nuw"], "action": "LOGIN", "model_name": "NEAUser", "object_id": 6, "description": "User dc_nuw logged in", "timestamp": "2026-04-02T09:11:34.887Z", "ip_address": "127.0.0.1"}}, {"model": "nea_loss.auditlog", "pk": 12, "fields": {"user": ["dc_nuw"], "action": "CREATE", "model_name": "LossReport", "object_id": 3, "description": "Created monthly loss report for Nuwakot Distribution Center - 2082/083 - Shrawan", "timestamp": "2026-04-02T09:11:42.563Z", "ip_address": null}}, {"model": "nea_loss.auditlog", "pk": 13, "fields": {"user": ["prov_kvdd"], "action": "LOGIN", "model_name": "NEAUser", "object_id": 4, "description": "User prov_kvdd logged in", "timestamp": "2026-04-02T09:29:15.109Z", "ip_address": "127.0.0.1"}}, {"model": "nea_loss.auditlog", "pk": 14, "fields": {"user": ["prov_kvdd"], "action": "CREATE", "model_name": "ProvincialReport", "object_id": 1, "description": "Created provincial report for Kathmandu Valley Distribution Division (KVDD) - 2082/083 - Shrawan", "timestamp": "2026-04-02T09:30:37.195Z", "ip_address": null}}, {"model": "nea_loss.auditlog", "pk": 15, "fields": {"user": ["prov_kvdd"], "action": "UPDATE", "model_name": "ProvincialReport", "object_id": 1, "description": "Updated provincial report for Kathmandu Valley Distribution Division (KVDD) - 2082/083 - Shrawan", "timestamp": "2026-04-02T09:31:41.909Z", "ip_address": null}}, {"model": "nea_loss.auditlog", "pk": 16, "fields": {"user": ["dc_ktm"], "action": "LOGIN", "model_name": "NEAUser", "object_id": 5, "description": "User dc_ktm logged in", "timestamp": "2026-04-02T09:32:43.094Z", "ip_address": "127.0.0.1"}}, {"model": "nea_loss.auditlog", "pk": 17, "fields": {"user": ["dc_ktm"], "action": "CREATE", "model_name": "LossReport", "object_id": 4, "description": "Created monthly loss report for Kathmandu Distribution Center - 2082/083 - Bhadra", "timestamp": "2026-04-02T09:32:55.810Z", "ip_address": null}}, {"model": "nea_loss.auditlog", "pk": 18, "fields": {"user": ["prov_kvdd"], "action": "LOGIN", "model_name": "NEAUser", "object_id": 4, "description": "User prov_kvdd logged in", "timestamp": "2026-04-02T09:37:38.250Z", "ip_address": "127.0.0.1"}}, {"model": "nea_loss.auditlog", "pk": 19, "fields": {"user": ["dc_ktm"], "action": "LOGIN", "model_name": "NEAUser", "object_id": 5, "description": "User dc_ktm logged in", "timestamp": "2026-04-02T09:47:10.830Z", "ip_address": "127.0.0.1"}}, {"model": "nea_loss.auditlog", "pk": 20, "fields": {"user": ["dc_ktm"], "action": "CREATE", "model_name": "LossReport", "object_id": 5, "description": "Created monthly loss report for Kathmandu Distribution Center - 2082/083 - Ashwin", "timestamp": "2026-04-02T10:16:30.597Z", "ip_address": null}}, {"model": "nea_loss.auditlog", "pk": 21, "fields": {"user": ["prov_kvdd"], "action": "LOGIN", "model_name": "NEAUser", "object_id": 4, "description": "User prov_kvdd logged in", "timestamp": "2026-04-02T10:21:01.699Z", "ip_address": "127.0.0.1"}}, {"model": "nea_loss.auditlog", "pk": 22, "fields": {"user": ["dc_ktm"], "action": "LOGIN", "model_name": "NEAUser", "object_id": 5, "description": "User dc_ktm logged in", "timestamp": "2026-04-05T06:22:16.825Z", "ip_address": "127.0.0.1"}}, {"model": "nea_loss.auditlog", "pk": 23, "fields": {"user": ["dc_ktm"], "action": "LOGIN", "model_name": "NEAUser", "object_id": 5, "description": "User dc_ktm logged in", "timestamp": "2026-04-05T06:22:17.538Z", "ip_address": "127.0.0.1"}}, {"model": "nea_loss.auditlog", "pk": 24, "fields": {"user": ["dc_ktm"], "action": "LOGIN", "model_name": "NEAUser", "object_id": 5, "description": "User dc_ktm logged in", "timestamp": "2026-04-05T06:22:17.578Z", "ip_address": "127.0.0.1"}}, {"model": "nea_loss.auditlog", "pk": 25, "fields": {"user": ["dc_ktm"], "action": "LOGIN", "model_name": "NEAUser", "object_id": 5, "description": "User dc_ktm logged in", "timestamp": "2026-04-05T06:22:17.711Z", "ip_address": "127.0.0.1"}}, {"model": "nea_loss.auditlog", "pk": 26, "fields": {"user": ["dc_ktm"], "action": "LOGIN", "model_name": "NEAUser", "object_id": 5, "description": "User dc_ktm logged in", "timestamp": "2026-04-05T06:22:17.810Z", "ip_address": "127.0.0.1"}}, {"model": "nea_loss.auditlog", "pk": 27, "fields": {"user": ["dc_ktm"], "action": "LOGIN", "model_name": "NEAUser", "object_id": 5, "description": "User dc_ktm logged in", "timestamp": "2026-04-05T06:22:17.918Z", "ip_address": "127.0.0.1"}}, {"model": "nea_loss.auditlog", "pk": 28, "fields": {"user": ["dc_ktm"], "action": "LOGIN", "model_name": "NEAUser", "object_id": 5, "description": "User dc_ktm logged in", "timestamp": "2026-04-05T06:22:17.947Z", "ip_address": "127.0.0.1"}}, {"model": "nea_loss.auditlog", "pk": 29, "fields": {"user": ["dc_ktm"], "action": "LOGIN", "model_name": "NEAUser", "object_id": 5, "description": "User dc_ktm logged in", "timestamp": "2026-04-05T06:22:18.158Z", "ip_address": "127.0.0.1"}}, {"model": "nea_loss.auditlog", "pk": 30, "fields": {"user": ["prov_kvdd"], "action": "LOGIN", "model_name": "NEAUser", "object_id": 4, "description": "User prov_kvdd logged in", "timestamp": "2026-04-05T09:34:20.822Z", "ip_address": "127.0.0.1"}}, {"model": "nea_loss.auditlog", "pk": 31, "fields": {"user": ["dc_ktm"], "action": "LOGIN", "model_name": "NEAUser", "object_id": 5, "description": "User dc_ktm logged in", "timestamp": "2026-04-05T10:33:50.253Z", "ip_address": "127.0.0.1"}}, {"model": "nea_loss.auditlog", "pk": 32, "fields": {"user": ["prov_kvdd"], "action": "LOGIN", "model_name": "NEAUser", "object_id": 4, "description": "User prov_kvdd logged in", "timestamp": "2026-04-05T10:34:33.929Z", "ip_address": "127.0.0.1"}}, {"model": "nea_loss.auditlog", "pk": 33, "fields": {"user": ["dc_ktm"], "action": "LOGIN", "model_name": "NEAUser", "object_id": 5, "description": "User dc_ktm logged in", "timestamp": "2026-04-06T03:32:37.751Z", "ip_address": "127.0.0.1"}}, {"model": "nea_loss.auditlog", "pk": 34, "fields": {"user": ["prov_kvdd"], "action": "LOGIN", "model_name": "NEAUser", "object_id": 4, "description": "User prov_kvdd logged in", "timestamp": "2026-04-06T03:34:18.889Z", "ip_address": "127.0.0.1"}}, {"model": "nea_loss.auditlog", "pk": 35, "fields": {"user": ["dc_ktm"], "action": "LOGIN", "model_name": "NEAUser", "object_id": 5, "description": "User dc_ktm logged in", "timestamp": "2026-04-06T04:00:07.295Z", "ip_address": "127.0.0.1"}}, {"model": "nea_loss.auditlog", "pk": 36, "fields": {"user": ["prov_kvdd"], "action": "LOGIN", "model_name": "NEAUser", "object_id": 4, "description": "User prov_kvdd logged in", "timestamp": "2026-04-06T04:24:55.509Z", "ip_address": "127.0.0.1"}}, {"model": "nea_loss.auditlog", "pk": 37, "fields": {"user": ["dc_ktm"], "action": "LOGIN", "model_name": "NEAUser", "object_id": 5, "description": "User dc_ktm logged in", "timestamp": "2026-04-06T04:38:28.923Z", "ip_address": "127.0.0.1"}}, {"model": "nea_loss.auditlog", "pk": 38, "fields": {"user": ["prov_kvdd"], "action": "LOGIN", "model_name": "NEAUser", "object_id": 4, "description": "User prov_kvdd logged in", "timestamp": "2026-04-06T05:00:43.434Z", "ip_address": "127.0.0.1"}}, {"model": "nea_loss.auditlog", "pk": 39, "fields": {"user": ["dc_ktm"], "action": "LOGIN", "model_name": "NEAUser", "object_id": 5, "description": "User dc_ktm logged in", "timestamp": "2026-04-06T05:02:57.976Z", "ip_address": "127.0.0.1"}}, {"model": "nea_loss.auditlog", "pk": 40, "fields": {"user": ["dc_lpr"], "action": "LOGIN", "model_name": "NEAUser", "object_id": 7, "description": "User dc_lpr logged in", "timestamp": "2026-04-06T05:10:10.326Z", "ip_address": "127.0.0.1"}}, {"model": "nea_loss.auditlog", "pk": 41, "fields": {"user": ["prov_kvdd"], "action": "LOGIN", "model_name": "NEAUser", "object_id": 4, "description": "User prov_kvdd logged in", "timestamp": "2026-04-06T05:10:28.561Z", "ip_address": "127.0.0.1"}}, {"model": "nea_loss.auditlog", "pk": 42, "fields": {"user": ["prov_kvdd"], "action": "LOGIN", "model_name": "NEAUser", "object_id": 4, "description": "User prov_kvdd logged in", "timestamp": "2026-04-06T05:10:30.090Z", "ip_address": "127.0.0.1"}}, {"model": "nea_loss.auditlog", "pk": 43, "fields": {"user": ["prov_kvdd"], "action": "LOGIN", "model_name": "NEAUser", "object_id": 4, "description": "User prov_kvdd logged in", "timestamp": "2026-04-06T05:10:30.124Z", "ip_address": "127.0.0.1"}}, {"model": "nea_loss.auditlog", "pk": 44, "fields": {"user": ["prov_kvdd"], "action": "LOGIN", "model_name": "NEAUser", "object_id": 4, "description": "User prov_kvdd logged in", "timestamp": "2026-04-06T05:10:30.175Z", "ip_address": "127.0.0.1"}}, {"model": "nea_loss.auditlog", "pk": 45, "fields": {"user": ["prov_kvdd"], "action": "LOGIN", "model_name": "NEAUser", "object_id": 4, "description": "User prov_kvdd logged in", "timestamp": "2026-04-06T05:10:30.211Z", "ip_address": "127.0.0.1"}}, {"model": "nea_loss.auditlog", "pk": 46, "fields": {"user": ["prov_kvdd"], "action": "LOGIN", "model_name": "NEAUser", "object_id": 4, "description": "User prov_kvdd logged in", "timestamp": "2026-04-06T05:10:30.252Z", "ip_address": "127.0.0.1"}}, {"model": "nea_loss.auditlog", "pk": 47, "fields": {"user": ["prov_kvdd"], "action": "LOGIN", "model_name": "NEAUser", "object_id": 4, "description": "User prov_kvdd logged in", "timestamp": "2026-04-06T05:10:30.279Z", "ip_address": "127.0.0.1"}}, {"model": "nea_loss.auditlog", "pk": 48, "fields": {"user": ["prov_kvdd"], "action": "LOGIN", "model_name": "NEAUser", "object_id": 4, "description": "User prov_kvdd logged in", "timestamp": "2026-04-06T05:10:30.336Z", "ip_address": "127.0.0.1"}}, {"model": "nea_loss.auditlog", "pk": 49, "fields": {"user": ["prov_kvdd"], "action": "LOGIN", "model_name": "NEAUser", "object_id": 4, "description": "User prov_kvdd logged in", "timestamp": "2026-04-06T05:10:30.533Z", "ip_address": "127.0.0.1"}}, {"model": "nea_loss.auditlog", "pk": 50, "fields": {"user": ["prov_kvdd"], "action": "LOGIN", "model_name": "NEAUser", "object_id": 4, "description": "User prov_kvdd logged in", "timestamp": "2026-04-06T05:10:30.567Z", "ip_address": "127.0.0.1"}}, {"model": "nea_loss.auditlog", "pk": 51, "fields": {"user": ["prov_kvdd"], "action": "LOGIN", "model_name": "NEAUser", "object_id": 4, "description": "User prov_kvdd logged in", "timestamp": "2026-04-06T05:10:30.608Z", "ip_address": "127.0.0.1"}}, {"model": "nea_loss.auditlog", "pk": 52, "fields": {"user": ["prov_kvdd"], "action": "LOGIN", "model_name": "NEAUser", "object_id": 4, "description": "User prov_kvdd logged in", "timestamp": "2026-04-06T05:10:30.640Z", "ip_address": "127.0.0.1"}}, {"model": "nea_loss.auditlog", "pk": 53, "fields": {"user": ["prov_kvdd"], "action": "LOGIN", "model_name": "NEAUser", "object_id": 4, "description": "User prov_kvdd logged in", "timestamp": "2026-04-06T05:10:30.970Z", "ip_address": "127.0.0.1"}}, {"model": "nea_loss.auditlog", "pk": 54, "fields": {"user": ["dc_ktm"], "action": "LOGIN", "model_name": "NEAUser", "object_id": 5, "description": "User dc_ktm logged in", "timestamp": "2026-04-06T05:12:26.407Z", "ip_address": "127.0.0.1"}}, {"model": "nea_loss.auditlog", "pk": 55, "fields": {"user": ["sysadmin"], "action": "LOGIN", "model_name": "NEAUser", "object_id": 1, "description": "User sysadmin logged in", "timestamp": "2026-04-06T05:13:52.656Z", "ip_address": "127.0.0.1"}}, {"model": "nea_loss.auditlog", "pk": 56, "fields": {"user": ["dc_ktm"], "action": "LOGIN", "model_name": "NEAUser", "object_id": 5, "description": "User dc_ktm logged in", "timestamp": "2026-04-06T05:17:51.291Z", "ip_address": "127.0.0.1"}}, {"model": "nea_loss.auditlog", "pk": 57, "fields": {"user": ["dc_ktm"], "action": "LOGOUT", "model_name": "NEAUser", "object_id": 5, "description": "User dc_ktm logged out", "timestamp": "2026-04-06T05:35:21.233Z", "ip_address": "127.0.0.1"}}, {"model": "nea_loss.auditlog", "pk": 58, "fields": {"user": ["sysadmin"], "action": "LOGIN", "model_name": "NEAUser", "object_id": 1, "description": "User sysadmin logged in successfully", "timestamp": "2026-04-06T05:35:29.320Z", "ip_address": "127.0.0.1"}}, {"model": "nea_loss.auditlog", "pk": 59, "fields": {"user": ["sysadmin"], "action": "LOGOUT", "model_name": "NEAUser", "object_id": 1, "description": "User sysadmin logged out", "timestamp": "2026-04-06T05:37:15.630Z", "ip_address": "127.0.0.1"}}, {"model": "nea_loss.auditlog", "pk": 60, "fields": {"user": ["prov_kvdd"], "action": "LOGIN", "model_name": "NEAUser", "object_id": 4, "description": "User prov_kvdd logged in successfully", "timestamp": "2026-04-06T05:37:21.356Z", "ip_address": "127.0.0.1"}}, {"model": "nea_loss.auditlog", "pk": 61, "fields": {"user": ["prov_kvdd"], "action": "LOGOUT", "model_name": "NEAUser", "object_id": 4, "description": "User prov_kvdd logged out", "timestamp": "2026-04-06T06:01:40.245Z", "ip_address": "127.0.0.1"}}, {"model": "nea_loss.auditlog", "pk": 62, "fields": {"user": ["dc_ktm"], "action": "LOGIN", "model_name": "NEAUser", "object_id": 5, "description": "User dc_ktm logged in successfully", "timestamp": "2026-04-06T06:01:46.580Z", "ip_address": "127.0.0.1"}}, {"model": "nea_loss.auditlog", "pk": 63, "fields": {"user": ["dc_ktm"], "action": "LOGOUT", "model_name": "NEAUser", "object_id": 5, "description": "User dc_ktm logged out", "timestamp": "2026-04-06T06:01:57.702Z", "ip_address": "127.0.0.1"}}, {"model": "nea_loss.auditlog", "pk": 64, "fields": {"user": null, "action": "LOGIN_FAILED", "model_name": "NEAUser", "object_id": null, "description": "Failed login attempt for username='prov_kvdd'", "timestamp": "2026-04-06T06:02:04.322Z", "ip_address": "127.0.0.1"}}, {"model": "nea_loss.auditlog", "pk": 65, "fields": {"user": ["prov_kvdd"], "action": "LOGIN", "model_name": "NEAUser", "object_id": 4, "description": "User prov_kvdd logged in successfully", "timestamp": "2026-04-06T06:02:09.857Z", "ip_address": "127.0.0.1"}}, {"model": "nea_loss.auditlog", "pk": 66, "fields": {"user": ["prov_kvdd"], "action": "LOGOUT", "model_name": "NEAUser", "object_id": 4, "description": "User prov_kvdd logged out", "timestamp": "2026-04-06T07:08:50.373Z", "ip_address": "127.0.0.1"}}, {"model": "nea_loss.auditlog", "pk": 67, "fields": {"user": ["dc_ktm"], "action": "LOGIN", "model_name": "NEAUser", "object_id": 5, "description": "User dc_ktm logged in successfully", "timestamp": "2026-04-06T07:08:57.454Z", "ip_address": "127.0.0.1"}}, {"model": "nea_loss.auditlog", "pk": 68, "fields": {"user": ["dc_ktm"], "action": "LOGOUT", "model_name": "NEAUser", "object_id": 5, "description": "User dc_ktm logged out", "timestamp": "2026-04-06T07:09:08.156Z", "ip_address": "127.0.0.1"}}, {"model": "nea_loss.auditlog", "pk": 69, "fields": {"user": ["prov_kvdd"], "action": "LOGIN", "model_name": "NEAUser", "object_id": 4, "description": "User prov_kvdd logged in successfully", "timestamp": "2026-04-06T07:09:14.576Z", "ip_address": "127.0.0.1"}}, {"model": "nea_loss.auditlog", "pk": 70, "fields": {"user": ["prov_kvdd"], "action": "LOGOUT", "model_name": "NEAUser", "object_id": 4, "description": "User prov_kvdd logged out", "timestamp": "2026-04-06T07:40:57.229Z", "ip_address": "127.0.0.1"}}, {"model": "nea_loss.auditlog", "pk": 71, "fields": {"user": ["dc_lpr"], "action": "LOGIN", "model_name": "NEAUser", "object_id": 7, "description": "User dc_lpr logged in successfully", "timestamp": "2026-04-06T07:41:09.954Z", "ip_address": "127.0.0.1"}}, {"model": "nea_loss.auditlog", "pk": 72, "fields": {"user": ["dc_lpr"], "action": "LOGOUT", "model_name": "NEAUser", "object_id": 7, "description": "User dc_lpr logged out", "timestamp": "2026-04-06T07:41:18.852Z", "ip_address": "127.0.0.1"}}, {"model": "nea_loss.auditlog", "pk": 73, "fields": {"user": ["dc_ktm"], "action": "LOGIN", "model_name": "NEAUser", "object_id": 5, "description": "User dc_ktm logged in successfully", "timestamp": "2026-04-06T07:41:25.057Z", "ip_address": "127.0.0.1"}}, {"model": "nea_loss.auditlog", "pk": 74, "fields": {"user": ["dc_ktm"], "action": "LOGOUT", "model_name": "NEAUser", "object_id": 5, "description": "User dc_ktm logged out", "timestamp": "2026-04-06T07:55:13.483Z", "ip_address": "127.0.0.1"}}, {"model": "nea_loss.auditlog", "pk": 75, "fields": {"user": ["prov_kvdd"], "action": "LOGIN", "model_name": "NEAUser", "object_id": 4, "description": "User prov_kvdd logged in successfully", "timestamp": "2026-04-06T07:55:20.606Z", "ip_address": "127.0.0.1"}}, {"model": "nea_loss.auditlog", "pk": 76, "fields": {"user": ["prov_kvdd"], "action": "LOGOUT", "model_name": "NEAUser", "object_id": 4, "description": "User prov_kvdd logged out", "timestamp": "2026-04-06T07:58:36.612Z", "ip_address": "127.0.0.1"}}, {"model": "nea_loss.auditlog", "pk": 77, "fields": {"user": ["prov_kvdd"], "action": "LOGIN", "model_name": "NEAUser", "object_id": 4, "description": "User prov_kvdd logged in successfully", "timestamp": "2026-04-06T07:58:44.451Z", "ip_address": "127.0.0.1"}}, {"model": "nea_loss.auditlog", "pk": 78, "fields": {"user": ["prov_kvdd"], "action": "LOGOUT", "model_name": "NEAUser", "object_id": 4, "description": "User prov_kvdd logged out", "timestamp": "2026-04-06T10:30:15.304Z", "ip_address": "127.0.0.1"}}, {"model": "nea_loss.auditlog", "pk": 79, "fields": {"user": ["dmd_user"], "action": "LOGIN", "model_name": "NEAUser", "object_id": 3, "description": "User dmd_user logged in successfully", "timestamp": "2026-04-06T10:30:24.885Z", "ip_address": "127.0.0.1"}}, {"model": "nea_loss.auditlog", "pk": 80, "fields": {"user": ["dmd_user"], "action": "LOGOUT", "model_name": "NEAUser", "object_id": 3, "description": "User dmd_user logged out", "timestamp": "2026-04-06T10:44:08.026Z", "ip_address": "127.0.0.1"}}, {"model": "nea_loss.auditlog", "pk": 81, "fields": {"user": ["md_user"], "action": "LOGIN", "model_name": "NEAUser", "object_id": 2, "description": "User md_user logged in successfully", "timestamp": "2026-04-06T10:44:15.724Z", "ip_address": "127.0.0.1"}}, {"model": "nea_loss.auditlog", "pk": 82, "fields": {"user": ["md_user"], "action": "LOGOUT", "model_name": "NEAUser", "object_id": 2, "description": "User md_user logged out", "timestamp": "2026-04-06T10:44:20.192Z", "ip_address": "127.0.0.1"}}, {"model": "nea_loss.auditlog", "pk": 83, "fields": {"user": ["dc_ktm"], "action": "LOGIN", "model_name": "NEAUser", "object_id": 5, "description": "User dc_ktm logged in", "timestamp": "2026-04-06T11:17:08.868Z", "ip_address": "127.0.0.1"}}, {"model": "nea_loss.auditlog", "pk": 84, "fields": {"user": ["prov_kvdd"], "action": "LOGIN", "model_name": "NEAUser", "object_id": 4, "description": "User prov_kvdd logged in", "timestamp": "2026-04-06T11:17:29.923Z", "ip_address": "127.0.0.1"}}, {"model": "nea_loss.auditlog", "pk": 85, "fields": {"user": ["dmd_user"], "action": "LOGIN", "model_name": "NEAUser", "object_id": 3, "description": "User dmd_user logged in", "timestamp": "2026-04-06T11:18:40.257Z", "ip_address": "127.0.0.1"}}, {"model": "nea_loss.auditlog", "pk": 86, "fields": {"user": ["md_user"], "action": "LOGIN", "model_name": "NEAUser", "object_id": 2, "description": "User md_user logged in", "timestamp": "2026-04-07T03:25:30.118Z", "ip_address": "127.0.0.1"}}, {"model": "nea_loss.auditlog", "pk": 87, "fields": {"user": ["dc_ktm"], "action": "LOGIN", "model_name": "NEAUser", "object_id": 5, "description": "User dc_ktm logged in", "timestamp": "2026-04-07T04:07:35.348Z", "ip_address": "127.0.0.1"}}, {"model": "nea_loss.auditlog", "pk": 88, "fields": {"user": ["prov_kvdd"], "action": "LOGIN", "model_name": "NEAUser", "object_id": 4, "description": "User prov_kvdd logged in", "timestamp": "2026-04-07T04:07:59.612Z", "ip_address": "127.0.0.1"}}, {"model": "nea_loss.auditlog", "pk": 89, "fields": {"user": ["prov_kvdd"], "action": "LOGIN", "model_name": "NEAUser", "object_id": 4, "description": "User prov_kvdd logged in", "timestamp": "2026-04-07T04:20:00.378Z", "ip_address": "127.0.0.1"}}, {"model": "nea_loss.auditlog", "pk": 90, "fields": {"user": ["dc_ktm"], "action": "LOGIN", "model_name": "NEAUser", "object_id": 5, "description": "User dc_ktm logged in", "timestamp": "2026-04-07T04:27:44.865Z", "ip_address": "127.0.0.1"}}, {"model": "nea_loss.auditlog", "pk": 91, "fields": {"user": ["dc_ktm"], "action": "LOGIN", "model_name": "NEAUser", "object_id": 5, "description": "User dc_ktm logged in", "timestamp": "2026-04-07T04:37:57.717Z", "ip_address": "127.0.0.1"}}, {"model": "nea_loss.auditlog", "pk": 92, "fields": {"user": ["prov_kvdd"], "action": "LOGIN", "model_name": "NEAUser", "object_id": 4, "description": "User prov_kvdd logged in", "timestamp": "2026-04-07T04:46:44.844Z", "ip_address": "127.0.0.1"}}, {"model": "nea_loss.auditlog", "pk": 93, "fields": {"user": ["dc_ktm"], "action": "LOGIN", "model_name": "NEAUser", "object_id": 5, "description": "User dc_ktm logged in", "timestamp": "2026-04-07T05:49:26.590Z", "ip_address": "127.0.0.1"}}, {"model": "nea_loss.auditlog", "pk": 94, "fields": {"user": ["prov_kvdd"], "action": "LOGIN", "model_name": "NEAUser", "object_id": 4, "description": "User prov_kvdd logged in", "timestamp": "2026-04-07T05:50:36.375Z", "ip_address": "127.0.0.1"}}, {"model": "nea_loss.auditlog", "pk": 95, "fields": {"user": ["dc_lpr"], "action": "LOGIN", "model_name": "NEAUser", "object_id": 7, "description": "User dc_lpr logged in", "timestamp": "2026-04-07T05:57:26.500Z", "ip_address": "127.0.0.1"}}, {"model": "nea_loss.auditlog", "pk": 96, "fields": {"user": ["dc_ktm"], "action": "LOGIN", "model_name": "NEAUser", "object_id": 5, "description": "User dc_ktm logged in", "timestamp": "2026-04-07T06:00:19.558Z", "ip_address": "127.0.0.1"}}, {"model": "nea_loss.auditlog", "pk": 97, "fields": {"user": ["prov_kvdd"], "action": "LOGIN", "model_name": "NEAUser", "object_id": 4, "description": "User prov_kvdd logged in", "timestamp": "2026-04-07T06:10:42.428Z", "ip_address": "127.0.0.1"}}, {"model": "nea_loss.auditlog", "pk": 98, "fields": {"user": ["dc_ktm"], "action": "LOGIN", "model_name": "NEAUser", "object_id": 5, "description": "User dc_ktm logged in", "timestamp": "2026-04-07T06:21:15.969Z", "ip_address": "127.0.0.1"}}, {"model": "nea_loss.auditlog", "pk": 99, "fields": {"user": ["dc_lpr"], "action": "LOGIN", "model_name": "NEAUser", "object_id": 7, "description": "User dc_lpr logged in", "timestamp": "2026-04-07T06:33:16.774Z", "ip_address": "127.0.0.1"}}, {"model": "nea_loss.auditlog", "pk": 100, "fields": {"user": ["dc_ktm"], "action": "LOGIN", "model_name": "NEAUser", "object_id": 5, "description": "User dc_ktm logged in", "timestamp": "2026-04-07T06:37:19.746Z", "ip_address": "127.0.0.1"}}, {"model": "nea_loss.auditlog", "pk": 101, "fields": {"user": ["dc_lpr"], "action": "LOGIN", "model_name": "NEAUser", "object_id": 7, "description": "User dc_lpr logged in", "timestamp": "2026-04-07T06:41:01.087Z", "ip_address": "127.0.0.1"}}, {"model": "nea_loss.auditlog", "pk": 102, "fields": {"user": ["dc_lpr"], "action": "LOGIN", "model_name": "NEAUser", "object_id": 7, "description": "User dc_lpr logged in", "timestamp": "2026-04-07T06:42:44.186Z", "ip_address": "127.0.0.1"}}, {"model": "nea_loss.auditlog", "pk": 103, "fields": {"user": ["dc_ktm"], "action": "LOGIN", "model_name": "NEAUser", "object_id": 5, "description": "User dc_ktm logged in", "timestamp": "2026-04-07T06:42:51.371Z", "ip_address": "127.0.0.1"}}, {"model": "nea_loss.auditlog", "pk": 104, "fields": {"user": ["dc_lpr"], "action": "LOGIN", "model_name": "NEAUser", "object_id": 7, "description": "User dc_lpr logged in", "timestamp": "2026-04-07T06:44:39.868Z", "ip_address": "127.0.0.1"}}, {"model": "nea_loss.auditlog", "pk": 105, "fields": {"user": ["prov_kvdd"], "action": "LOGIN", "model_name": "NEAUser", "object_id": 4, "description": "User prov_kvdd logged in", "timestamp": "2026-04-07T06:44:48.626Z", "ip_address": "127.0.0.1"}}, {"model": "nea_loss.auditlog", "pk": 106, "fields": {"user": ["dmd_user"], "action": "LOGIN", "model_name": "NEAUser", "object_id": 3, "description": "User dmd_user logged in", "timestamp": "2026-04-07T06:49:16.554Z", "ip_address": "127.0.0.1"}}, {"model": "nea_loss.auditlog", "pk": 107, "fields": {"user": ["dc_ktm"], "action": "LOGIN", "model_name": "NEAUser", "object_id": 5, "description": "User dc_ktm logged in", "timestamp": "2026-04-07T07:09:09.360Z", "ip_address": "127.0.0.1"}}, {"model": "nea_loss.auditlog", "pk": 108, "fields": {"user": ["prov_kvdd"], "action": "LOGIN", "model_name": "NEAUser", "object_id": 4, "description": "User prov_kvdd logged in", "timestamp": "2026-04-07T07:09:28.430Z", "ip_address": "127.0.0.1"}}, {"model": "nea_loss.auditlog", "pk": 109, "fields": {"user": ["dmd_user"], "action": "LOGIN", "model_name": "NEAUser", "object_id": 3, "description": "User dmd_user logged in", "timestamp": "2026-04-07T07:10:43.783Z", "ip_address": "127.0.0.1"}}, {"model": "nea_loss.auditlog", "pk": 110, "fields": {"user": ["dc_ktm"], "action": "LOGIN", "model_name": "NEAUser", "object_id": 5, "description": "User dc_ktm logged in", "timestamp": "2026-04-07T07:23:49.658Z", "ip_address": "127.0.0.1"}}, {"model": "nea_loss.auditlog", "pk": 111, "fields": {"user": ["dc_ktm"], "action": "LOGIN", "model_name": "NEAUser", "object_id": 5, "description": "User dc_ktm logged in", "timestamp": "2026-04-07T11:01:03.063Z", "ip_address": "127.0.0.1"}}, {"model": "nea_loss.auditlog", "pk": 112, "fields": {"user": ["dc_lpr"], "action": "LOGIN", "model_name": "NEAUser", "object_id": 7, "description": "User dc_lpr logged in", "timestamp": "2026-04-07T11:01:28.000Z", "ip_address": "127.0.0.1"}}, {"model": "nea_loss.auditlog", "pk": 113, "fields": {"user": ["dmd_user"], "action": "LOGIN", "model_name": "NEAUser", "object_id": 3, "description": "User dmd_user logged in", "timestamp": "2026-04-07T11:01:38.054Z", "ip_address": "127.0.0.1"}}, {"model": "nea_loss.auditlog", "pk": 114, "fields": {"user": ["sysadmin"], "action": "LOGIN", "model_name": "NEAUser", "object_id": 1, "description": "User sysadmin logged in", "timestamp": "2026-04-07T11:06:38.451Z", "ip_address": "127.0.0.1"}}, {"model": "nea_loss.auditlog", "pk": 115, "fields": {"user": ["dc_ktm"], "action": "LOGIN", "model_name": "NEAUser", "object_id": 5, "description": "User dc_ktm logged in", "timestamp": "2026-04-08T04:47:52.442Z", "ip_address": "127.0.0.1"}}, {"model": "nea_loss.auditlog", "pk": 116, "fields": {"user": ["dc_ktm"], "action": "LOGIN", "model_name": "NEAUser", "object_id": 5, "description": "User dc_ktm logged in", "timestamp": "2026-04-08T05:12:27.187Z", "ip_address": "127.0.0.1"}}, {"model": "nea_loss.auditlog", "pk": 117, "fields": {"user": ["dc_ktm"], "action": "CREATE", "model_name": "LossReport", "object_id": 6, "description": "Created monthly loss report for Kathmandu Distribution Center - 2082/083 - Ashwin", "timestamp": "2026-04-08T05:12:39.604Z", "ip_address": null}}, {"model": "nea_loss.auditlog", "pk": 118, "fields": {"user": ["prov_kvdd"], "action": "LOGIN", "model_name": "NEAUser", "object_id": 4, "description": "User prov_kvdd logged in", "timestamp": "2026-04-09T05:03:58.075Z", "ip_address": "127.0.0.1"}}, {"model": "nea_loss.auditlog", "pk": 119, "fields": {"user": ["prov_kvdd"], "action": "UPDATE", "model_name": "ProvincialReport", "object_id": 1, "description": "Updated provincial report for Kathmandu Valley Distribution Division (KVDD) - 2082/083 - Shrawan", "timestamp": "2026-04-09T05:10:17.731Z", "ip_address": null}}, {"model": "nea_loss.auditlog", "pk": 120, "fields": {"user": ["prov_kvdd"], "action": "LOGIN", "model_name": "NEAUser", "object_id": 4, "description": "User prov_kvdd logged in", "timestamp": "2026-04-09T05:14:14.621Z", "ip_address": "127.0.0.1"}}, {"model": "nea_loss.auditlog", "pk": 121, "fields": {"user": ["prov_kvdd"], "action": "UPDATE", "model_name": "ProvincialReport", "object_id": 1, "description": "Updated provincial report for Kathmandu Valley Distribution Division (KVDD) - 2082/083 - Shrawan", "timestamp": "2026-04-09T05:14:25.693Z", "ip_address": null}}, {"model": "nea_loss.auditlog", "pk": 122, "fields": {"user": ["prov_kvdd"], "action": "LOGIN", "model_name": "NEAUser", "object_id": 4, "description": "User prov_kvdd logged in", "timestamp": "2026-04-09T05:36:59.009Z", "ip_address": "127.0.0.1"}}, {"model": "nea_loss.auditlog", "pk": 123, "fields": {"user": ["prov_kvdd"], "action": "LOGIN", "model_name": "NEAUser", "object_id": 4, "description": "User prov_kvdd logged in", "timestamp": "2026-04-09T06:50:46.347Z", "ip_address": "127.0.0.1"}}, {"model": "nea_loss.notification", "pk": 1, "fields": {"recipient": ["prov_kvdd"], "notification_type": "REPORT_SUBMITTED", "title": "New Report: Kathmandu Distribution Center", "message": "Loss report for 2082/083 has been submitted by Kathmandu Distribution Center.", "related_report": 1, "is_read": true, "created_at": "2026-04-02T08:57:04.888Z"}}, {"model": "nea_loss.notification", "pk": 2, "fields": {"recipient": ["prov_kvdd"], "notification_type": "REPORT_SUBMITTED", "title": "New Report: Lalitpur Distribution Center", "message": "Loss report for 2082/083 has been submitted by Lalitpur Distribution Center.", "related_report": 2, "is_read": true, "created_at": "2026-04-02T09:09:00.975Z"}}, {"model": "nea_loss.notification", "pk": 3, "fields": {"recipient": ["prov_kvdd"], "notification_type": "REPORT_SUBMITTED", "title": "New Report: Nuwakot Distribution Center", "message": "Loss report for 2082/083 has been submitted by Nuwakot Distribution Center.", "related_report": 3, "is_read": true, "created_at": "2026-04-02T09:28:34.345Z"}}, {"model": "nea_loss.notification", "pk": 4, "fields": {"recipient": ["prov_kvdd"], "notification_type": "REPORT_SUBMITTED", "title": "New Report: Kathmandu Distribution Center", "message": "Loss report for 2082/083 has been submitted by Kathmandu Distribution Center.", "related_report": 4, "is_read": true, "created_at": "2026-04-02T09:37:23.968Z"}}]